Rk,Player,5 Best Seasons,1,2,3,4,5,6,7,8,9,10,11,12,13,14,15,16,17,18,19,20,21,22
1,LeBron James,7.92,9.47,8.31,8.14,6.88,6.81,6.63,6.43,5.79,5.59,5.54,5.07,4.94,4.72,4.31,4.04,3.68,3.02,2.92,2.43,,,
2,Stephen Curry,7.39,9.27,8.36,6.88,6.23,6.19,6.16,6.06,5.70,5.52,4.07,3.82,3.59,3.50,3.01,1.94,,,,,,,
3,Steve Nash,7.22,8.34,7.70,6.87,6.66,6.54,6.29,6.19,2.98,0.76,,,,,,,,,,,,,
4,Chris Paul,6.96,7.50,7.05,6.93,6.85,6.49,6.42,5.80,5.62,5.17,5.04,4.84,4.81,4.16,3.70,2.93,2.55,2.34,1.89,0.83,,,
5,Kevin Durant,6.61,7.24,7.08,6.99,5.94,5.81,5.66,5.65,5.55,5.38,5.16,4.98,3.86,3.58,3.55,2.07,-0.66,,,,,,
6,James Harden,6.00,6.36,5.99,5.94,5.89,5.81,5.76,5.48,5.38,5.02,4.78,4.38,4.36,2.68,2.65,0.62,,,,,,,
7,Nikola Jokic,5.83,7.72,6.26,5.98,5.37,3.82,3.18,3.10,2.33,1.41,,,,,,,,,,,,,
8,Damian Lillard,5.00,6.55,5.68,4.76,4.09,3.94,3.66,3.62,3.59,3.55,3.00,2.90,1.90,,,,,,,,,,
9,Kobe Bryant,4.99,5.42,5.15,5.04,4.75,4.56,4.01,2.80,2.76,-0.66,-1.02,-1.15,,,,,,,,,,,
10,Luka Doncic,4.80,5.75,5.49,5.46,3.71,3.58,1.66,,,,,,,,,,,,,,,,
11,Giannis Antetokounmpo,4.68,5.06,5.00,4.99,4.39,3.96,3.43,2.98,2.95,1.29,0.78,-0.26,,,,,,,,,,,
12,Kyrie Irving,4.67,5.18,4.82,4.65,4.56,4.12,3.93,3.58,3.34,3.33,2.82,2.60,2.55,2.21,,,,,,,,,
13,Tony Parker,4.66,6.33,5.00,4.34,3.88,3.74,3.09,2.80,2.59,2.20,1.68,1.41,0.36,0.14,-0.03,,,,,,,,
14,Deron Williams,4.62,4.94,4.86,4.72,4.55,4.03,3.30,2.99,2.48,2.29,1.47,1.35,0.65,,,,,,,,,,
15,Dwyane Wade,4.53,4.77,4.64,4.47,4.45,4.35,4.30,3.69,3.56,2.27,1.69,1.54,-0.11,-0.30,-0.35,,,,,,,,
16,Kawhi Leonard,4.49,5.15,4.45,4.40,4.26,4.19,4.03,3.88,2.69,2.68,2.19,1.76,-0.31,,,,,,,,,,
17,Dirk Nowitzki,4.32,4.86,4.75,4.58,3.76,3.67,3.46,3.39,3.07,2.99,2.94,2.32,1.30,0.49,-0.84,,,,,,,,
18,Trae Young,4.17,6.43,4.02,3.90,3.46,3.01,1.47,,,,,,,,,,,,,,,,
19,Kyle Lowry,4.03,5.02,4.64,3.64,3.55,3.30,3.21,2.91,2.52,2.51,2.48,2.07,1.65,1.29,0.61,0.53,0.29,0.08,,,,,
20,Jimmy Butler,3.79,4.79,3.84,3.57,3.44,3.33,2.97,2.49,2.43,2.26,2.16,0.99,0.36,0.10,,,,,,,,,
21,Chauncey Billups,3.79,4.28,4.04,3.82,3.54,3.25,3.15,3.06,2.28,-1.13,,,,,,,,,,,,,
22,JJ Redick,3.68,4.17,4.16,3.56,3.37,3.17,3.12,2.80,2.33,2.25,2.23,1.45,0.55,0.48,0.41,0.34,,,,,,,
23,Manu Ginobili,3.68,5.00,3.62,3.38,3.36,3.07,3.00,2.96,2.79,2.50,1.79,1.48,0.67,0.41,,,,,,,,,
24,Russell Westbrook,3.67,4.21,3.74,3.66,3.63,3.12,2.34,1.87,1.48,1.01,0.67,0.32,-0.04,-0.56,-1.07,-1.20,-1.66,,,,,,
25,Blake Griffin,3.55,4.32,3.99,3.48,3.07,2.91,2.49,1.66,1.64,0.88,0.58,0.15,-0.34,-1.81,,,,,,,,,
26,Jose Calderon,3.53,4.19,3.66,3.43,3.22,3.13,2.92,2.46,2.21,1.43,1.10,0.72,0.68,-0.65,-0.75,,,,,,,,
27,Isaiah Thomas,3.49,6.18,2.99,2.85,2.78,2.64,2.31,0.80,0.16,-0.47,-1.63,,,,,,,,,,,,
28,Jameer Nelson,3.45,5.53,3.31,3.07,2.74,2.60,2.06,1.25,1.13,0.80,0.59,0.22,0.05,-1.01,,,,,,,,,
29,Ray Allen,3.43,4.22,3.42,3.28,3.17,3.03,2.76,2.20,1.87,1.86,,,,,,,,,,,,,
30,Klay Thompson,3.38,4.30,3.81,3.14,3.07,2.57,2.19,1.65,1.62,1.48,1.26,1.05,,,,,,,,,,,
31,Devin Booker,3.36,4.69,3.79,3.42,2.57,2.30,1.76,0.56,0.34,-0.09,,,,,,,,,,,,,
32,Ty Lawson,3.33,4.13,4.02,3.04,2.84,2.62,1.83,0.82,0.13,,,,,,,,,,,,,,
33,Karl-Anthony Towns,3.32,4.10,3.45,3.36,3.13,2.58,2.47,1.91,1.83,1.71,,,,,,,,,,,,,
34,Carmelo Anthony,3.24,3.95,3.77,2.99,2.95,2.57,2.54,2.43,2.25,2.14,2.09,1.36,1.19,0.90,0.84,-0.33,-0.35,-0.99,,,,,
35,Rajon Rondo,3.24,3.81,3.70,3.32,2.99,2.38,2.16,2.14,1.40,0.74,0.24,0.17,0.13,-0.03,-0.33,-0.57,-0.96,,,,,,
36,Joel Embiid,3.24,4.84,3.68,3.66,2.82,1.20,0.99,0.98,-0.09,,,,,,,,,,,,,,
37,Anthony Davis,3.23,4.29,3.26,3.04,2.77,2.77,2.37,2.23,2.15,1.46,1.12,0.78,0.41,,,,,,,,,,
38,DeMar DeRozan,3.17,3.51,3.42,3.38,3.16,2.37,2.29,2.25,2.19,2.17,2.08,1.29,1.24,0.94,0.72,0.54,,,,,,,
39,Donovan Mitchell,3.16,3.38,3.33,3.28,3.12,2.71,1.01,0.68,,,,,,,,,,,,,,,
40,Paul Pierce,3.15,3.88,3.29,3.26,2.81,2.51,2.50,2.46,2.18,1.58,1.30,0.08,,,,,,,,,,,
41,Tyrese Haliburton,3.13,6.08,4.76,2.48,2.32,,,,,,,,,,,,,,,,,,
42,Khris Middleton,3.11,4.47,3.16,2.91,2.56,2.45,2.02,1.94,1.61,1.23,0.76,0.69,0.69,,,,,,,,,,
43,Kevin Martin,3.06,3.73,3.19,2.99,2.97,2.42,2.40,1.87,1.57,1.53,1.36,-0.01,,,,,,,,,,,
44,Jrue Holiday,3.05,3.53,3.32,2.92,2.89,2.59,2.52,2.29,1.55,1.52,1.39,1.29,1.16,1.16,1.08,0.13,,,,,,,
45,Pau Gasol,3.03,3.78,3.26,2.75,2.75,2.62,2.58,1.97,1.51,1.41,1.35,0.54,0.36,-0.08,-0.27,,,,,,,,
46,Jason Terry,2.98,3.55,3.47,2.93,2.55,2.40,2.38,2.11,1.59,0.99,0.91,0.74,0.36,0.09,,,,,,,,,
47,Goran Dragic,2.98,4.95,2.60,2.49,2.44,2.42,2.19,1.79,1.68,0.94,0.66,0.62,0.33,0.17,0.07,-0.02,,,,,,,
48,Shai Gilgeous-Alexander,2.97,6.66,3.60,2.00,1.73,0.86,0.09,,,,,,,,,,,,,,,,
49,Amar'e Stoudemire,2.93,4.80,2.66,2.49,2.45,2.23,1.83,1.29,0.95,0.62,0.26,,,,,,,,,,,,
50,Chris Bosh,2.90,3.74,3.65,2.70,2.35,2.09,2.04,1.99,1.87,1.87,1.78,1.32,,,,,,,,,,,
51,Mike Conley,2.88,3.40,3.28,2.64,2.62,2.47,2.43,2.38,2.14,2.10,1.88,1.86,1.23,1.13,1.13,1.03,0.34,0.23,,,,,
52,Danilo Gallinari,2.86,3.74,3.00,2.62,2.50,2.44,2.40,2.38,1.79,1.61,1.54,1.36,1.00,0.85,0.41,,,,,,,,
53,Paul George,2.85,3.20,3.11,2.86,2.60,2.50,2.01,1.96,1.63,1.45,1.36,0.73,0.66,0.29,,,,,,,,,
54,Kemba Walker,2.84,3.35,2.93,2.75,2.59,2.58,1.30,1.28,0.48,0.48,0.47,-0.58,,,,,,,,,,,
55,Kyle Korver,2.83,4.08,3.01,2.94,2.24,1.87,1.73,1.66,1.25,1.22,1.15,1.13,1.12,1.08,1.04,0.97,,,,,,,
56,Bradley Beal,2.81,3.47,3.46,2.72,2.51,1.86,1.65,1.21,0.88,0.82,0.51,0.45,0.11,,,,,,,,,,
57,Monta Ellis,2.79,3.43,3.20,3.05,2.38,1.87,1.49,1.46,0.77,0.67,0.31,-0.29,-0.35,,,,,,,,,,
58,John Wall,2.76,3.38,3.01,2.71,2.51,2.18,2.01,1.61,1.02,0.44,-0.41,-2.11,,,,,,,,,,,
59,Rashard Lewis,2.74,3.36,2.98,2.92,2.57,1.89,0.44,0.41,0.31,-0.77,,,,,,,,,,,,,
60,Kevin Love,2.74,4.03,2.85,2.74,2.05,2.00,1.97,1.74,1.62,1.06,0.96,0.22,0.12,0.02,-0.39,-0.69,-2.39,,,,,,
61,Hedo Turkoglu,2.69,4.20,2.87,2.56,2.19,1.63,1.32,1.12,0.80,0.41,,,,,,,,,,,,,
62,Lou Williams,2.69,3.13,2.85,2.61,2.46,2.39,2.17,2.02,1.92,1.65,1.52,1.12,0.66,0.50,0.39,0.20,0.17,,,,,,
63,Jeff Teague,2.68,3.58,2.65,2.61,2.35,2.19,2.18,2.09,1.04,0.64,0.55,0.06,-0.36,,,,,,,,,,
64,Leandro Barbosa,2.67,4.11,2.90,2.47,2.46,1.41,1.16,1.00,0.94,0.84,0.49,0.42,-0.11,,,,,,,,,,
65,De'Aaron Fox,2.65,4.26,2.51,2.37,2.35,1.79,1.15,-1.37,,,,,,,,,,,,,,,
66,Vince Carter,2.64,3.19,3.03,2.85,2.38,1.76,1.46,1.43,1.40,1.13,0.46,0.43,0.37,-0.06,-0.46,-0.73,,,,,,,
67,Eric Bledsoe,2.61,3.14,2.97,2.70,2.27,1.98,1.88,1.77,0.68,0.63,0.03,-0.20,-0.43,,,,,,,,,,
68,George Hill,2.59,2.91,2.66,2.50,2.44,2.43,1.92,1.58,1.34,1.34,0.93,0.84,0.67,0.50,0.18,0.17,,,,,,,
69,Jalen Brunson,2.57,3.85,2.88,2.59,2.30,1.25,0.80,,,,,,,,,,,,,,,,
70,Eric Gordon,2.53,3.50,3.32,2.06,1.90,1.87,1.83,1.63,1.42,1.32,1.01,0.93,0.88,0.86,0.84,0.75,-0.03,,,,,,
71,Draymond Green,2.51,4.61,2.34,2.04,2.01,1.55,1.34,1.16,0.78,0.45,0.09,-0.90,-0.97,,,,,,,,,,
72,Al Horford,2.49,2.95,2.44,2.38,2.35,2.33,2.31,2.25,2.05,1.93,1.74,1.70,1.48,1.24,0.99,0.79,0.04,-0.22,,,,,
73,Joe Johnson,2.49,2.95,2.68,2.58,2.14,2.10,1.55,1.53,1.46,1.34,1.06,0.98,0.70,-0.59,,,,,,,,,
74,Jayson Tatum,2.48,4.01,3.02,1.90,1.81,1.65,1.14,0.60,,,,,,,,,,,,,,,
75,Kevin Garnett,2.47,3.08,2.70,2.41,2.12,2.04,2.00,1.68,1.09,-0.02,-0.20,-0.87,,,,,,,,,,,
76,CJ McCollum,2.47,3.40,2.94,2.13,2.01,1.88,1.76,1.70,0.79,0.79,0.65,0.11,,,,,,,,,,,
77,Devin Harris,2.46,3.36,2.50,2.22,2.17,2.05,1.89,1.75,1.72,1.37,1.06,0.90,0.69,0.18,-0.03,,,,,,,,
78,Zach LaVine,2.43,3.76,2.59,2.59,1.76,1.47,1.26,0.86,0.64,-0.18,-0.40,,,,,,,,,,,,
79,Shaquille O'Neal,2.42,4.50,3.31,2.36,1.12,0.83,0.79,,,,,,,,,,,,,,,,
80,Chandler Parsons,2.42,3.18,3.15,2.56,2.20,1.01,0.85,-1.06,-1.25,,,,,,,,,,,,,,
81,Joe Ingles,2.41,3.64,2.77,2.53,1.68,1.43,1.30,1.17,0.82,0.80,0.63,,,,,,,,,,,,
82,Jason Kidd,2.40,3.20,2.96,2.84,1.54,1.48,1.43,1.33,0.96,,,,,,,,,,,,,,
83,Jamal Crawford,2.40,2.71,2.59,2.46,2.35,1.90,1.38,1.34,1.27,0.71,0.63,0.62,0.60,0.49,0.31,,,,,,,,
84,Andre Miller,2.38,3.15,2.52,2.35,1.98,1.91,1.70,1.55,1.51,1.44,0.98,0.98,,,,,,,,,,,
85,Mo Williams,2.37,3.27,3.26,2.09,1.87,1.37,1.13,0.79,0.65,0.57,0.34,0.28,,,,,,,,,,,
86,Zion Williamson,2.36,3.65,3.49,3.26,1.39,,,,,,,,,,,,,,,,,,
87,Darren Collison,2.36,2.64,2.62,2.29,2.20,2.02,1.34,1.22,1.11,1.04,0.59,,,,,,,,,,,,
88,Andre Iguodala,2.32,2.54,2.40,2.36,2.16,2.16,1.84,1.77,1.68,1.62,1.54,1.36,1.27,1.23,1.21,0.66,0.11,-0.02,,,,,
89,Derrick Rose,2.32,3.28,3.16,1.83,1.83,1.48,1.45,0.73,0.32,0.16,-0.24,-0.24,-0.34,-0.65,-0.75,-4.27,,,,,,,
90,Michael Redd,2.32,3.47,3.38,2.26,1.73,0.73,-1.70,,,,,,,,,,,,,,,,
91,Jason Richardson,2.31,2.71,2.53,2.39,2.12,1.80,1.26,1.13,0.36,-0.45,,,,,,,,,,,,,
92,Wesley Matthews,2.27,2.83,2.66,2.17,1.92,1.76,1.32,1.15,0.99,0.78,0.73,0.62,0.12,-0.19,-0.23,,,,,,,,
93,Danny Granger,2.25,3.66,2.52,1.72,1.70,1.65,1.26,0.18,0.05,-0.17,,,,,,,,,,,,,
94,Gordon Hayward,2.23,2.88,2.36,2.28,1.88,1.76,1.70,1.31,1.23,1.12,0.42,0.33,0.16,-0.13,,,,,,,,,
95,Boris Diaw,2.20,3.47,2.90,1.77,1.56,1.28,1.10,0.98,0.96,0.94,0.62,0.30,0.12,,,,,,,,,,
96,Tim Duncan,2.20,2.51,2.37,2.19,1.97,1.94,1.78,1.27,1.19,1.03,1.02,0.57,,,,,,,,,,,
97,Dwight Howard,2.19,2.60,2.48,2.17,1.90,1.80,1.79,1.52,1.08,0.88,0.61,0.51,0.45,0.22,-0.10,-0.25,-0.62,,,,,,
98,Mike Miller,2.19,3.22,2.42,2.10,1.73,1.46,1.32,1.06,0.89,0.37,0.21,-0.06,,,,,,,,,,,
99,Allen Iverson,2.18,4.75,3.97,2.48,-0.12,-0.18,,,,,,,,,,,,,,,,,
100,Baron Davis,2.17,3.63,2.58,1.78,1.54,1.33,0.84,-0.76,,,,,,,,,,,,,,,
101,Arron Afflalo,2.12,3.34,3.11,2.02,1.26,0.91,0.90,0.66,0.51,0.01,-0.01,-0.21,,,,,,,,,,,
102,Harrison Barnes,2.12,2.44,2.30,2.11,1.99,1.78,1.71,1.28,0.81,0.79,0.64,0.35,0.08,,,,,,,,,,
103,LaMarcus Aldridge,2.10,3.05,2.19,1.83,1.73,1.70,1.65,1.44,1.39,1.28,1.14,0.90,0.82,0.47,0.40,0.22,-0.03,,,,,,
104,Jarrett Jack,2.09,2.85,2.40,2.21,1.68,1.31,0.55,0.40,0.24,0.17,0.14,0.12,-0.03,,,,,,,,,,
105,Norman Powell,2.09,2.60,2.16,2.09,1.91,1.68,0.85,0.46,0.40,-0.60,,,,,,,,,,,,,
106,Seth Curry,2.07,3.14,2.46,1.93,1.73,1.11,0.77,0.70,-0.22,,,,,,,,,,,,,,
107,Derrick White,2.06,3.38,2.72,2.03,1.31,0.87,0.50,,,,,,,,,,,,,,,,
108,Nicolas Batum,2.06,2.58,2.20,2.00,1.82,1.70,1.43,1.32,1.23,1.19,0.96,0.54,0.50,0.38,0.34,0.28,-0.51,,,,,,
109,Nate Robinson,2.06,3.59,2.71,1.47,1.31,1.21,0.80,0.58,0.16,0.10,0.04,,,,,,,,,,,,
110,JR Smith,2.06,2.30,2.04,2.02,1.98,1.97,1.87,1.68,1.66,1.35,0.79,0.74,0.06,-0.09,,,,,,,,,
111,Brandon Ingram,2.04,2.53,2.20,2.02,1.87,1.60,0.35,-0.05,-0.97,,,,,,,,,,,,,,
112,Joe Harris,2.04,3.27,2.21,1.74,1.67,1.31,0.90,0.11,-0.07,,,,,,,,,,,,,,
113,Malcolm Brogdon,2.02,3.06,2.39,1.67,1.54,1.45,1.38,0.92,0.82,,,,,,,,,,,,,,
114,Mike Dunleavy,2.01,2.70,2.60,1.94,1.49,1.33,0.95,0.54,0.52,0.47,0.38,0.27,-0.06,,,,,,,,,,
115,Luke Ridnour,2.01,2.84,2.09,1.95,1.84,1.32,0.62,0.59,-0.07,-0.26,-0.30,,,,,,,,,,,,
116,Brandon Roy,2.00,3.69,3.63,1.78,1.26,-0.34,,,,,,,,,,,,,,,,,
117,David Lee,1.99,2.49,2.27,2.22,1.56,1.41,1.23,1.20,0.97,0.84,0.80,0.49,0.25,,,,,,,,,,
118,Raja Bell,1.96,3.30,3.14,1.83,1.10,0.44,0.40,,,,,,,,,,,,,,,,
119,Mikal Bridges,1.96,3.19,2.93,2.20,1.06,0.43,0.18,,,,,,,,,,,,,,,,
120,Bojan Bogdanovic,1.95,2.37,2.04,1.86,1.80,1.70,1.44,1.17,0.10,,,,,,,,,,,,,,
121,Montrezl Harrell,1.95,2.50,1.96,1.94,1.72,1.64,1.52,0.64,0.41,,,,,,,,,,,,,,
122,Grant Hill,1.94,2.46,1.96,1.80,1.79,1.70,1.50,0.43,-0.89,,,,,,,,,,,,,,
123,Mike Bibby,1.93,2.57,2.36,1.88,1.47,1.39,0.69,0.21,,,,,,,,,,,,,,,
124,Ryan Anderson,1.93,2.70,2.22,1.73,1.50,1.47,1.27,1.00,0.68,0.60,-0.22,,,,,,,,,,,,
125,Jared Dudley,1.92,2.35,2.04,1.83,1.82,1.56,1.02,0.96,0.44,0.42,0.29,0.15,0.03,,,,,,,,,,
126,J.J. Barea,1.92,3.00,1.88,1.68,1.58,1.44,1.44,0.90,0.89,0.82,0.37,0.15,-0.12,-0.30,,,,,,,,,
127,Tobias Harris,1.89,2.04,2.02,1.96,1.75,1.66,1.48,1.43,1.39,1.29,1.14,0.92,0.34,-0.05,,,,,,,,,
128,Yao Ming,1.88,3.28,3.00,1.97,1.16,,,,,,,,,,,,,,,,,,
129,Pascal Siakam,1.88,3.03,2.85,1.34,1.32,0.86,0.81,0.27,-0.47,,,,,,,,,,,,,,
130,Luke Kennard,1.87,2.32,2.07,1.85,1.69,1.44,0.84,0.50,,,,,,,,,,,,,,,
131,Nene,1.85,3.02,2.22,1.74,1.17,1.09,0.90,0.67,0.57,0.56,0.44,0.27,-0.08,,,,,,,,,,
132,Richard Jefferson,1.85,2.92,1.82,1.65,1.51,1.33,0.92,0.90,0.84,0.84,0.74,0.56,0.19,,,,,,,,,,
133,Jeremy Lin,1.84,2.71,2.50,2.12,0.95,0.91,0.38,0.25,0.18,,,,,,,,,,,,,,
134,D.J. Augustin,1.82,2.20,2.05,1.92,1.50,1.45,1.28,0.50,0.46,0.23,0.19,0.07,0.07,-0.03,-0.35,,,,,,,,
135,Raymond Felton,1.81,3.34,2.59,1.10,1.06,0.96,0.89,0.56,0.49,0.41,0.29,0.27,0.21,0.15,-0.18,,,,,,,,
136,Corey Maggette,1.81,3.31,1.93,1.55,1.28,0.97,0.37,0.04,-0.29,,,,,,,,,,,,,,
137,John Collins,1.80,2.69,2.04,1.97,1.71,0.61,0.60,0.42,,,,,,,,,,,,,,,
138,Patty Mills,1.80,2.24,1.94,1.86,1.52,1.45,0.92,0.91,0.89,0.52,0.47,0.40,0.35,-0.26,-0.87,,,,,,,,
139,Brook Lopez,1.80,3.24,1.49,1.47,1.43,1.38,1.26,1.15,1.07,1.07,1.00,0.94,0.57,0.52,0.36,0.00,,,,,,,
140,Jaylen Brown,1.80,2.34,2.22,1.61,1.56,1.26,0.59,0.14,0.00,,,,,,,,,,,,,,
141,Tyrese Maxey,1.80,3.09,2.94,2.58,0.38,,,,,,,,,,,,,,,,,,
142,Spencer Dinwiddie,1.80,2.86,1.84,1.83,1.23,1.22,1.07,0.97,-0.43,-2.45,,,,,,,,,,,,,
143,Jamal Murray,1.78,2.76,2.24,1.84,1.06,1.01,0.49,-0.12,,,,,,,,,,,,,,,
144,Danny Green,1.77,2.17,1.93,1.79,1.68,1.31,0.89,0.55,0.31,0.09,-0.03,-0.77,,,,,,,,,,,
145,Bogdan Bogdanovic,1.77,3.16,2.12,1.54,1.45,0.60,0.58,0.32,,,,,,,,,,,,,,,
146,Lauri Markkanen,1.77,2.98,2.93,1.38,1.04,0.51,0.11,-0.18,,,,,,,,,,,,,,,
147,Monte Morris,1.76,2.49,1.82,1.67,1.58,1.25,0.76,,,,,,,,,,,,,,,,
148,Tyson Chandler,1.76,2.14,1.96,1.81,1.54,1.33,0.73,0.69,0.68,0.28,0.13,-0.05,-0.31,-0.38,-0.54,,,,,,,,
149,Rudy Gobert,1.75,2.06,1.97,1.72,1.59,1.40,0.94,0.87,0.85,0.67,-0.40,-0.65,,,,,,,,,,,
150,Anthony Morrow,1.75,2.23,2.14,1.93,1.33,1.11,1.04,0.57,0.24,0.22,,,,,,,,,,,,,
151,Grayson Allen,1.74,3.11,1.95,1.44,1.22,1.01,-0.70,,,,,,,,,,,,,,,,
152,Gilbert Arenas,1.73,4.38,3.56,0.52,0.17,0.03,,,,,,,,,,,,,,,,,
153,Andrew Bynum,1.73,2.24,1.96,1.77,1.56,1.11,0.31,-0.55,,,,,,,,,,,,,,,
154,Shawn Marion,1.72,3.09,2.71,1.56,0.90,0.32,0.06,0.01,-0.17,-0.19,-0.33,,,,,,,,,,,,
155,Marc Gasol,1.71,2.36,1.74,1.62,1.48,1.32,0.83,0.67,0.66,0.55,0.49,0.14,-0.27,-0.78,,,,,,,,,
156,Otto Porter Jr.,1.69,2.84,2.05,1.42,1.17,0.97,0.74,0.15,-0.03,,,,,,,,,,,,,,
157,Ja Morant,1.66,2.52,2.40,1.72,1.33,0.32,,,,,,,,,,,,,,,,,
158,Evan Fournier,1.65,2.13,1.96,1.86,1.21,1.10,0.85,0.82,0.69,0.42,0.01,-0.87,-1.56,,,,,,,,,,
159,Duncan Robinson,1.65,3.42,2.22,1.80,1.02,-0.21,,,,,,,,,,,,,,,,,
160,Mario Chalmers,1.64,2.46,1.91,1.67,1.50,0.64,0.64,0.45,-0.18,-0.73,,,,,,,,,,,,,
161,Davis Bertans,1.64,3.02,1.80,1.64,0.92,0.80,0.77,0.63,0.13,,,,,,,,,,,,,,
162,Ramon Sessions,1.62,2.09,1.70,1.63,1.45,1.22,0.69,0.67,0.09,-0.14,-0.29,-0.29,,,,,,,,,,,
163,Domantas Sabonis,1.62,3.37,2.19,1.02,0.76,0.74,0.22,-0.56,-1.05,,,,,,,,,,,,,,
164,David West,1.61,1.89,1.89,1.52,1.42,1.33,1.20,1.16,1.08,1.04,0.84,0.79,0.73,0.03,,,,,,,,,
165,Richard Hamilton,1.61,2.20,2.05,1.64,1.09,1.05,0.78,-0.43,-0.67,,,,,,,,,,,,,,
166,Tyreke Evans,1.60,2.14,1.79,1.42,1.38,1.27,0.96,0.86,-0.63,-0.69,-0.93,,,,,,,,,,,,
167,Trevor Ariza,1.59,2.41,1.49,1.49,1.28,1.27,0.88,0.83,0.74,0.74,0.48,0.19,0.19,0.17,-0.50,-0.63,-0.64,-0.97,,,,,
168,Paul Millsap,1.56,2.09,1.92,1.39,1.24,1.15,0.94,0.89,0.59,0.57,0.40,0.34,0.29,0.24,-0.10,-0.30,-0.87,,,,,,
169,Peja Stojakovic,1.56,2.51,1.94,1.41,1.17,0.76,0.63,,,,,,,,,,,,,,,,
170,Tim Hardaway Jr.,1.55,2.19,1.84,1.38,1.23,1.09,0.96,0.92,0.85,0.54,0.28,-0.08,,,,,,,,,,,
171,Gary Harris,1.54,2.44,2.23,1.18,1.14,0.70,0.46,0.41,-0.07,-0.47,-1.30,,,,,,,,,,,,
172,Kristaps Porzingis,1.53,2.83,2.68,0.94,0.84,0.34,-0.03,-0.25,-0.48,,,,,,,,,,,,,,
173,Lamar Odom,1.52,2.34,1.67,1.55,1.28,0.79,0.44,-0.43,-0.91,,,,,,,,,,,,,,
174,Ricky Rubio,1.51,1.96,1.81,1.43,1.19,1.17,1.15,0.65,0.37,0.16,-0.29,-0.71,-1.19,,,,,,,,,,
175,Nick Young,1.51,2.29,2.07,1.16,1.12,0.88,0.83,0.56,0.31,0.02,-0.12,-0.17,,,,,,,,,,,
176,Gerald Wallace,1.50,1.72,1.59,1.49,1.41,1.31,0.53,0.33,-0.15,-0.34,,,,,,,,,,,,,
177,Channing Frye,1.49,2.23,1.81,1.31,1.24,0.87,0.83,0.82,0.41,0.13,0.02,-0.22,-0.65,-0.95,,,,,,,,,
178,Chris Duhon,1.49,3.17,1.70,0.95,0.89,0.72,0.46,0.40,0.17,,,,,,,,,,,,,,
179,Cameron Johnson,1.47,2.33,2.24,1.13,0.84,0.82,,,,,,,,,,,,,,,,,
180,Reggie Jackson,1.47,2.23,2.07,1.08,1.07,0.92,0.79,0.62,0.48,0.25,0.01,-0.16,-0.55,-0.57,,,,,,,,,
181,DeAndre Jordan,1.47,1.80,1.78,1.67,1.18,0.92,0.76,0.75,0.62,0.59,0.53,0.28,0.14,-0.09,-0.18,-0.60,-0.60,,,,,,
182,Patrick Beverley,1.47,1.74,1.59,1.38,1.35,1.26,1.24,1.14,0.85,0.46,0.30,-0.22,-1.67,,,,,,,,,,
183,Jodie Meeks,1.45,2.59,1.60,1.27,1.11,0.70,0.68,0.28,0.02,,,,,,,,,,,,,,
184,Ben Gordon,1.45,2.20,1.49,1.36,1.17,1.04,0.68,0.62,0.19,0.11,-1.02,,,,,,,,,,,,
185,Buddy Hield,1.44,2.24,1.84,1.42,0.92,0.80,0.72,0.14,0.10,,,,,,,,,,,,,,
186,T.J. McConnell,1.43,2.39,1.60,1.16,1.08,0.92,0.81,0.74,0.27,0.13,,,,,,,,,,,,,
187,Beno Udrih,1.42,2.51,1.57,1.40,0.85,0.77,0.56,0.41,0.17,0.16,-0.01,-0.21,-0.24,,,,,,,,,,
188,Carlos Boozer,1.41,1.83,1.39,1.37,1.25,1.23,0.16,-0.13,-0.27,-0.64,-1.53,,,,,,,,,,,,
189,DeMarcus Cousins,1.40,1.67,1.43,1.37,1.37,1.18,0.82,0.41,-0.01,-0.40,-0.82,-1.64,,,,,,,,,,,
190,Kirk Hinrich,1.39,2.43,1.50,1.25,0.89,0.89,0.55,0.43,0.29,0.09,-0.04,-0.29,,,,,,,,,,,
191,Randy Foye,1.39,1.94,1.68,1.34,1.19,0.81,0.51,0.23,0.21,0.09,-0.33,-0.36,,,,,,,,,,,
192,T.J. Ford,1.38,2.03,1.77,1.17,1.14,0.78,0.29,-0.44,,,,,,,,,,,,,,,
193,Jae Crowder,1.38,2.21,1.68,1.35,0.87,0.78,0.58,0.54,0.50,0.46,0.44,0.10,0.06,,,,,,,,,,
194,Tyus Jones,1.37,2.78,1.18,1.00,0.98,0.93,0.89,0.64,-0.17,-0.20,,,,,,,,,,,,,
195,Matt Bonner,1.37,1.95,1.44,1.44,1.12,0.90,0.82,0.60,0.42,0.31,-0.24,,,,,,,,,,,,
196,Doug McDermott,1.37,1.97,1.84,1.23,0.92,0.87,0.71,0.68,0.65,0.54,,,,,,,,,,,,,
197,Al Jefferson,1.36,2.01,1.52,1.40,0.94,0.94,0.52,0.51,0.51,0.35,0.30,0.24,0.03,-0.01,,,,,,,,,
198,John Salmons,1.36,2.69,1.27,1.22,1.01,0.60,0.14,0.12,0.08,-0.43,,,,,,,,,,,,,
199,Brandon Jennings,1.35,2.28,1.80,1.66,0.81,0.21,0.13,0.01,-0.08,-0.85,,,,,,,,,,,,,
200,Matt Barnes,1.35,1.64,1.53,1.29,1.25,1.04,0.84,0.70,0.45,0.09,-0.12,-0.26,-0.69,,,,,,,,,,
201,Marco Belinelli,1.35,2.43,1.14,1.07,1.06,1.03,1.02,0.86,0.74,0.71,0.32,0.23,0.16,,,,,,,,,,
202,Kelly Olynyk,1.34,1.89,1.42,1.17,1.16,1.08,0.97,0.83,0.62,0.48,-0.08,-0.15,,,,,,,,,,,
203,Elton Brand,1.34,3.06,2.08,1.01,0.40,0.13,0.01,0.00,-0.54,-0.59,-1.84,,,,,,,,,,,,
204,Austin Reaves,1.33,2.91,2.64,1.12,,,,,,,,,,,,,,,,,,,
205,Luol Deng,1.33,1.66,1.44,1.38,1.21,0.98,0.85,0.68,0.54,0.49,0.15,0.09,-0.29,-0.87,,,,,,,,,
206,Delonte West,1.33,2.52,1.79,0.94,0.86,0.52,0.36,-0.30,,,,,,,,,,,,,,,
207,Marcus Smart,1.32,2.09,1.32,1.30,1.25,0.64,0.07,-0.01,-0.16,-0.58,-1.10,,,,,,,,,,,,
208,Troy Murphy,1.32,2.40,1.89,1.23,0.59,0.49,0.15,-0.92,,,,,,,,,,,,,,,
209,Anthony Parker,1.32,1.92,1.70,1.37,0.92,0.69,0.44,,,,,,,,,,,,,,,,
210,Aaron Gordon,1.32,2.07,1.71,1.69,0.66,0.45,0.45,0.32,-0.12,-0.33,-0.44,,,,,,,,,,,,
211,Stephen Jackson,1.32,2.59,1.90,1.66,0.27,0.16,0.12,-0.12,-0.62,,,,,,,,,,,,,,
212,Jarrett Allen,1.30,2.44,1.25,1.14,0.98,0.71,0.24,0.04,,,,,,,,,,,,,,,
213,Derek Fisher,1.30,2.08,1.78,1.35,0.69,0.63,0.46,0.17,-0.04,-0.10,,,,,,,,,,,,,
214,Victor Oladipo,1.30,2.31,1.47,1.27,1.14,0.33,0.33,-0.38,-0.87,-1.03,-1.15,,,,,,,,,,,,
215,Rudy Gay,1.30,2.19,1.28,1.10,1.02,0.92,0.83,0.82,0.58,0.56,0.41,0.40,0.13,0.02,-0.15,-0.33,-0.88,-0.92,,,,,
216,Fred VanVleet,1.29,1.51,1.47,1.42,1.31,0.74,0.68,0.11,-0.41,,,,,,,,,,,,,,
217,Brandan Wright,1.29,1.86,1.45,1.20,1.17,0.74,0.34,0.25,0.09,-0.01,,,,,,,,,,,,,
218,Jeff Green,1.27,1.65,1.36,1.25,1.07,1.04,0.88,0.75,0.45,0.44,0.41,0.06,0.01,-0.04,-0.06,-0.54,-1.39,,,,,,
219,Shane Battier,1.27,1.82,1.46,1.09,1.03,0.94,0.80,0.57,0.56,0.38,,,,,,,,,,,,,
220,Wayne Ellington,1.26,1.62,1.58,1.38,0.89,0.84,0.81,0.53,0.31,0.06,0.00,-0.06,-0.08,-0.09,,,,,,,,,
221,Gary Neal,1.26,2.36,1.51,1.30,0.96,0.18,-0.46,,,,,,,,,,,,,,,,
222,Caron Butler,1.26,2.60,1.10,0.95,0.87,0.76,0.74,0.63,0.52,0.48,-0.72,,,,,,,,,,,,
223,Steve Novak,1.25,2.63,1.41,1.31,0.92,,,,,,,,,,,,,,,,,,
224,Gerald Green,1.25,2.39,1.35,1.14,0.86,0.50,0.25,0.04,0.02,0.00,-0.08,-0.63,-1.25,,,,,,,,,,
225,Tony Snell,1.24,1.58,1.43,1.28,0.96,0.95,0.68,0.08,-0.37,-0.69,,,,,,,,,,,,,
226,Clint Capela,1.24,1.73,1.49,1.13,1.09,0.74,0.36,0.15,0.10,-0.15,,,,,,,,,,,,,
227,Jonas Valanciunas,1.23,1.58,1.48,1.25,0.97,0.86,0.81,0.80,0.71,0.53,0.48,0.43,0.14,,,,,,,,,,
228,Shaun Livingston,1.22,1.74,1.50,1.16,1.00,0.72,0.51,0.46,0.45,0.42,0.26,-0.16,-0.63,,,,,,,,,,
229,Mehmet Okur,1.21,1.83,1.49,1.39,0.89,0.47,-1.23,,,,,,,,,,,,,,,,
230,Kentavious Caldwell-Pope,1.21,1.39,1.35,1.28,1.03,0.99,0.98,0.98,0.73,0.16,0.02,-0.01,,,,,,,,,,,
231,Dorell Wright,1.21,2.14,1.59,1.20,0.60,0.51,0.43,0.17,-0.29,,,,,,,,,,,,,,
232,Martell Webster,1.21,1.97,1.77,1.08,0.73,0.49,0.24,0.14,-0.02,-0.87,,,,,,,,,,,,,
233,O.J. Mayo,1.20,2.26,1.29,0.90,0.79,0.76,0.30,-0.17,-0.59,,,,,,,,,,,,,,
234,Michael Porter Jr.,1.20,3.12,2.21,1.85,1.06,-2.24,,,,,,,,,,,,,,,,,
235,Dwight Powell,1.19,1.58,1.48,1.09,1.01,0.79,0.66,0.57,0.45,0.01,,,,,,,,,,,,,
236,D'Angelo Russell,1.19,2.21,1.45,1.08,0.64,0.55,0.03,,,,,,,,,,,,,,,,
237,Tiago Splitter,1.19,1.91,1.87,1.07,0.92,0.16,-0.01,,,,,,,,,,,,,,,,
238,Rodney Stuckey,1.18,2.12,1.73,0.91,0.60,0.57,0.28,-0.15,-0.16,-0.37,-0.43,,,,,,,,,,,,
239,Richaun Holmes,1.18,1.90,1.27,1.09,0.87,0.80,0.37,0.15,0.03,,,,,,,,,,,,,,
240,Greivis Vasquez,1.18,2.19,1.52,1.22,0.91,0.07,-0.94,,,,,,,,,,,,,,,,
241,Jason Williams,1.18,2.42,2.00,1.33,0.14,-0.01,,,,,,,,,,,,,,,,,
242,Alec Burks,1.17,1.42,1.35,1.22,0.96,0.91,0.78,0.35,0.20,0.08,-0.03,-0.06,-0.15,-0.41,,,,,,,,,
243,Ben Simmons,1.15,1.95,1.66,1.64,0.30,0.21,0.20,,,,,,,,,,,,,,,,
244,Tracy McGrady,1.15,2.70,1.16,0.81,0.60,0.49,0.29,0.11,,,,,,,,,,,,,,,
245,Kevin Huerter,1.15,2.39,1.17,0.96,0.91,0.33,0.30,,,,,,,,,,,,,,,,
246,Mitchell Robinson,1.15,2.02,1.54,1.30,0.54,0.35,-0.76,,,,,,,,,,,,,,,,
247,C.J. Watson,1.15,1.58,1.33,1.14,0.88,0.80,0.39,0.13,-0.27,-0.28,-0.29,,,,,,,,,,,,
248,Christian Wood,1.15,1.79,1.51,1.26,0.70,0.47,-0.31,,,,,,,,,,,,,,,,
249,Marvin Williams,1.14,1.63,1.41,1.05,0.92,0.72,0.66,0.61,0.51,0.43,0.35,0.34,0.26,0.24,-0.26,-0.42,,,,,,,
250,Marcus Thornton,1.14,1.58,1.56,1.51,0.60,0.46,0.34,-0.06,-0.61,,,,,,,,,,,,,,
251,CJ Miles,1.14,1.62,1.09,1.08,1.01,0.90,0.86,0.78,0.74,0.43,0.32,0.19,-0.16,-1.19,,,,,,,,,
252,Carl Landry,1.14,1.39,1.27,1.13,1.01,0.89,0.47,0.36,,,,,,,,,,,,,,,
253,Bryn Forbes,1.12,1.66,1.65,1.12,0.83,0.35,-0.40,,,,,,,,,,,,,,,,
254,Josh Hart,1.12,1.60,1.39,1.02,0.82,0.77,-0.05,-0.94,,,,,,,,,,,,,,,
255,Greg Monroe,1.12,1.78,1.14,1.02,0.95,0.71,0.40,0.32,0.17,-0.59,,,,,,,,,,,,,
256,Desmond Bane,1.12,2.38,1.93,0.82,0.47,,,,,,,,,,,,,,,,,,
257,Malik Beasley,1.11,1.63,1.45,1.27,0.84,0.38,0.05,-0.11,,,,,,,,,,,,,,,
258,Bam Adebayo,1.11,2.44,1.56,1.27,0.32,-0.02,-0.09,-0.34,,,,,,,,,,,,,,,
259,James Jones,1.11,1.41,1.29,1.21,0.86,0.77,0.72,0.27,0.26,0.23,,,,,,,,,,,,,
260,Landry Shamet,1.10,1.76,1.55,1.31,0.64,0.26,-0.21,,,,,,,,,,,,,,,,
261,Reggie Williams,1.10,2.95,1.75,0.52,0.29,,,,,,,,,,,,,,,,,,
262,Robert Williams III,1.10,1.95,1.37,1.25,0.91,,,,,,,,,,,,,,,,,,
263,DeMarre Carroll,1.10,2.54,1.41,0.68,0.64,0.22,0.21,-0.06,-0.12,-0.31,-0.62,,,,,,,,,,,,
264,Andrei Kirilenko,1.10,1.83,1.36,1.27,0.72,0.30,0.14,0.03,-0.09,,,,,,,,,,,,,,
265,Enes Kanter,1.09,1.36,1.28,1.11,1.06,0.66,0.59,0.46,0.07,-0.25,-0.60,,,,,,,,,,,,
266,Steve Blake,1.09,1.81,0.97,0.96,0.93,0.80,0.68,0.53,0.51,0.28,0.17,-1.14,,,,,,,,,,,
267,Josh Childress,1.08,1.83,1.64,1.30,0.35,0.30,,,,,,,,,,,,,,,,,
268,Tayshaun Prince,1.08,1.28,1.12,1.09,1.01,0.92,0.44,0.32,0.17,0.12,-0.28,-0.55,,,,,,,,,,,
269,Jeremy Lamb,1.08,1.36,1.23,1.15,0.84,0.83,0.82,0.53,0.45,0.33,,,,,,,,,,,,,
270,Daniel Gafford,1.08,1.57,1.44,1.33,0.65,0.39,,,,,,,,,,,,,,,,,
271,Josh Howard,1.07,1.78,1.57,1.46,0.69,-0.13,-0.61,-1.57,,,,,,,,,,,,,,,
272,Mike James,1.07,3.62,0.96,0.52,0.50,-0.25,-0.50,-1.24,,,,,,,,,,,,,,,
273,Brent Barry,1.07,2.15,2.14,1.09,-0.04,,,,,,,,,,,,,,,,,,
274,Nikola Pekovic,1.06,2.12,2.08,1.44,0.10,-0.44,,,,,,,,,,,,,,,,,
275,Terrence Ross,1.06,1.26,1.20,1.15,0.96,0.73,0.71,0.45,0.02,-0.47,-0.64,-0.80,,,,,,,,,,,
276,Brandon Clarke,1.05,1.98,1.92,1.14,0.21,,,,,,,,,,,,,,,,,,
277,Jordan Clarkson,1.04,1.37,1.21,0.92,0.89,0.81,0.72,0.64,-0.13,-0.29,-0.46,,,,,,,,,,,,
278,Rodney Hood,1.04,1.76,1.23,0.98,0.65,0.57,0.42,-0.04,-0.79,,,,,,,,,,,,,,
279,Delon Wright,1.04,1.32,1.21,0.96,0.92,0.79,0.32,0.09,0.09,0.03,,,,,,,,,,,,,
280,Will Barton,1.04,1.33,1.29,1.21,0.69,0.66,0.07,0.02,-0.18,-0.69,-0.80,-0.85,,,,,,,,,,,
281,Hassan Whiteside,1.03,1.48,1.27,1.25,0.93,0.20,0.00,-0.28,-0.80,,,,,,,,,,,,,,
282,Reggie Bullock,1.02,1.70,1.12,0.84,0.77,0.68,0.47,0.36,-0.06,-0.37,,,,,,,,,,,,,
283,Jerami Grant,1.02,1.73,1.10,0.85,0.80,0.64,0.49,0.16,0.12,-0.79,-0.97,,,,,,,,,,,,
284,Antonio Daniels,1.02,1.69,1.36,1.35,0.69,,,,,,,,,,,,,,,,,,
285,Myles Turner,1.01,1.50,1.23,1.10,0.94,0.28,0.22,-0.09,-0.14,-0.15,,,,,,,,,,,,,
286,Royce O'Neale,1.01,1.44,1.39,1.21,0.70,0.30,0.27,0.26,,,,,,,,,,,,,,,
287,Jalen Williams,1.01,3.63,1.41,,,,,,,,,,,,,,,,,,,,
288,James Johnson,1.00,1.53,1.38,1.02,0.81,0.29,0.26,0.23,0.08,-0.01,-0.08,-0.31,-0.66,-1.10,,,,,,,,,
289,Anthony Tolliver,0.99,1.75,1.06,0.82,0.69,0.64,0.63,0.42,0.08,-0.08,-0.34,-0.36,,,,,,,,,,,
290,O.G. Anunoby,0.99,1.44,1.21,0.98,0.75,0.56,0.28,-0.04,,,,,,,,,,,,,,,
291,Courtney Lee,0.98,1.07,1.07,1.00,0.89,0.87,0.82,0.82,0.66,0.56,0.24,-0.38,,,,,,,,,,,
292,Marcin Gortat,0.98,1.55,1.08,1.07,0.61,0.59,0.27,0.26,0.18,-0.09,-0.58,-0.59,,,,,,,,,,,
293,Metta World Peace,0.97,1.65,1.36,0.74,0.70,0.42,0.12,-0.06,-0.16,-0.39,-0.73,,,,,,,,,,,,
294,Julius Randle,0.97,1.63,1.40,1.11,1.04,-0.33,-0.44,-0.80,-1.18,-1.98,,,,,,,,,,,,,
295,Kenneth Faried,0.97,1.63,1.09,0.88,0.69,0.55,0.54,0.33,-0.32,,,,,,,,,,,,,,
296,Thomas Bryant,0.97,1.78,1.76,1.23,0.22,-0.17,,,,,,,,,,,,,,,,,
297,Wally Szczerbiak,0.96,2.68,0.85,0.77,0.51,,,,,,,,,,,,,,,,,,
298,Pat Connaughton,0.96,1.69,0.98,0.85,0.67,0.62,0.46,0.16,-0.08,,,,,,,,,,,,,,
299,Trey Murphy III,0.96,2.38,2.06,0.36,,,,,,,,,,,,,,,,,,,
300,Dennis Schroder,0.95,1.39,1.14,0.76,0.75,0.72,0.40,0.36,0.05,-0.16,-0.48,-0.74,,,,,,,,,,,
301,Keyon Dooling,0.95,1.74,1.63,0.56,0.56,0.24,0.07,0.03,,,,,,,,,,,,,,,
302,Zach Randolph,0.95,1.58,1.32,0.70,0.58,0.56,0.48,0.18,0.07,-0.19,-0.39,-0.39,-0.48,-1.01,,,,,,,,,
303,Serge Ibaka,0.95,1.32,1.30,0.76,0.75,0.60,0.60,0.53,0.51,0.48,0.11,-0.12,-0.17,-0.24,,,,,,,,,
304,Wilson Chandler,0.94,1.58,1.07,0.81,0.66,0.60,0.57,0.57,0.49,0.18,-0.24,-0.29,,,,,,,,,,,
305,Malik Monk,0.94,1.64,1.55,1.51,0.39,-0.38,-0.63,-0.78,,,,,,,,,,,,,,,
306,Amir Johnson,0.94,1.28,1.05,0.98,0.83,0.59,0.49,0.46,0.36,0.05,0.02,-0.05,-0.40,,,,,,,,,,
307,Collin Sexton,0.94,2.63,1.60,0.74,0.49,-0.78,-2.17,,,,,,,,,,,,,,,,
308,Thaddeus Young,0.94,1.07,1.05,1.04,0.90,0.63,0.55,0.53,0.38,0.36,0.04,-0.05,-0.09,-0.11,-0.23,-0.25,-0.29,-0.91,,,,,
309,Josh Smith,0.94,1.66,1.38,0.73,0.72,0.20,-0.43,-0.47,-0.78,-0.81,-1.00,-1.39,,,,,,,,,,,
310,Jerryd Bayless,0.93,2.11,0.87,0.76,0.58,0.32,0.03,-0.11,-0.14,-0.22,-0.96,,,,,,,,,,,,
311,Nikola Mirotic,0.92,1.48,1.38,0.92,0.63,0.18,,,,,,,,,,,,,,,,,
312,Caris LeVert,0.92,1.65,0.96,0.83,0.73,0.41,0.32,0.30,-0.68,,,,,,,,,,,,,,
313,Terance Mann,0.91,1.31,1.00,0.94,0.81,0.49,,,,,,,,,,,,,,,,,
314,Patrick Patterson,0.91,1.64,1.39,0.55,0.52,0.45,0.39,0.31,0.27,0.14,-0.37,-0.50,,,,,,,,,,,
315,Matthew Dellavedova,0.91,2.17,1.17,0.47,0.45,0.27,0.19,-0.07,-0.26,-0.49,,,,,,,,,,,,,
316,Nikola Vucevic,0.90,1.51,1.26,0.63,0.56,0.55,0.55,-0.03,-0.16,-0.24,-0.58,-0.67,-1.40,-2.01,,,,,,,,,
317,Antawn Jamison,0.90,1.24,1.22,0.74,0.73,0.57,0.37,0.09,-0.07,,,,,,,,,,,,,,
318,Aaron Brooks,0.90,1.71,0.91,0.79,0.56,0.55,0.39,0.18,0.17,-0.31,,,,,,,,,,,,,
319,Nemanja Bjelica,0.90,1.95,0.94,0.68,0.53,0.41,0.09,-0.09,,,,,,,,,,,,,,,
320,Kyle Anderson,0.90,1.86,1.12,0.71,0.64,0.15,0.11,0.10,0.06,0.00,-0.22,,,,,,,,,,,,
321,Ersan Ilyasova,0.89,1.41,1.18,1.13,0.52,0.20,0.16,0.13,0.07,0.01,-0.49,-0.50,-0.67,,,,,,,,,,
322,Eddie House,0.88,1.57,0.82,0.81,0.61,0.61,0.35,,,,,,,,,,,,,,,,
323,Jordan Farmar,0.88,1.79,1.29,0.62,0.41,0.28,0.18,0.14,-0.01,-0.16,,,,,,,,,,,,,
324,Francisco Garcia,0.87,1.13,1.05,0.90,0.70,0.57,0.42,0.36,-0.08,-0.20,,,,,,,,,,,,,
325,Deandre Ayton,0.86,1.73,1.61,0.94,0.19,-0.18,-0.63,,,,,,,,,,,,,,,,
326,Al Harrington,0.85,1.37,1.13,0.86,0.49,0.42,0.28,0.13,-0.12,,,,,,,,,,,,,,
327,Andrew Bogut,0.85,1.30,1.05,0.69,0.64,0.57,0.16,-0.26,-0.27,-0.28,-0.94,-1.00,-1.18,,,,,,,,,,
328,Toney Douglas,0.85,1.71,1.31,0.74,0.37,0.11,-0.21,-0.97,,,,,,,,,,,,,,,
329,Rudy Fernandez,0.85,1.79,1.55,0.49,0.41,,,,,,,,,,,,,,,,,,
330,Tomas Satoransky,0.85,1.58,1.38,0.85,0.28,0.14,-0.15,,,,,,,,,,,,,,,,
331,Terry Rozier,0.84,2.61,1.39,0.40,0.15,-0.33,-0.34,-0.39,-1.21,-1.34,,,,,,,,,,,,,
332,Daniel Gibson,0.84,1.34,0.89,0.77,0.64,0.55,0.36,-0.02,,,,,,,,,,,,,,,
333,Cory Joseph,0.84,1.43,1.01,0.69,0.56,0.51,0.32,0.28,0.27,0.18,-0.07,-0.20,-0.26,-0.39,,,,,,,,,
334,Carlos Delfino,0.84,1.84,0.80,0.58,0.50,0.47,0.02,-0.16,,,,,,,,,,,,,,,
335,Brandon Bass,0.83,0.93,0.88,0.87,0.81,0.67,0.57,0.39,0.34,0.27,-0.12,,,,,,,,,,,,
336,Gary Trent Jr.,0.83,1.38,1.24,1.00,0.29,0.24,,,,,,,,,,,,,,,,,
337,Andrew Wiggins,0.82,1.03,0.94,0.85,0.81,0.50,0.34,0.01,-0.27,-0.28,-1.51,,,,,,,,,,,,
338,Georges Niang,0.82,1.13,1.08,0.68,0.63,0.59,0.21,,,,,,,,,,,,,,,,
339,Thabo Sefolosha,0.82,1.54,0.82,0.72,0.66,0.35,0.33,0.26,-0.05,-0.32,-0.34,-0.44,-0.45,-0.48,-0.75,,,,,,,,
340,Ronnie Brewer,0.81,1.59,1.37,0.85,0.15,0.11,0.09,-0.44,,,,,,,,,,,,,,,
341,Boban Marjanovic,0.80,1.15,1.01,1.01,0.49,0.33,-0.08,,,,,,,,,,,,,,,,
342,James Posey,0.77,1.09,0.99,0.86,0.64,0.27,-0.19,,,,,,,,,,,,,,,,
343,Jordan McLaughlin,0.77,1.22,1.04,1.02,0.57,-0.02,,,,,,,,,,,,,,,,,
344,E'Twaun Moore,0.76,1.48,0.76,0.74,0.66,0.14,-0.03,-0.04,-0.37,-0.45,-0.62,,,,,,,,,,,,
345,James Ennis III,0.75,1.42,0.93,0.56,0.50,0.36,0.23,0.08,,,,,,,,,,,,,,,
346,Carlos Arroyo,0.75,2.18,0.63,0.45,0.30,0.19,,,,,,,,,,,,,,,,,
347,Morris Peterson,0.75,1.99,0.90,0.85,0.16,-0.14,,,,,,,,,,,,,,,,,
348,Mason Plumlee,0.75,1.30,1.03,0.48,0.48,0.45,0.43,0.35,0.35,0.31,0.21,-0.05,,,,,,,,,,,
349,Tyler Herro,0.75,1.39,1.02,0.77,0.38,0.19,,,,,,,,,,,,,,,,,
350,Pablo Prigioni,0.75,1.64,1.51,0.31,0.28,,,,,,,,,,,,,,,,,,
351,Trey Burke,0.75,1.60,0.87,0.77,0.31,0.17,0.06,-0.04,-0.49,-0.81,,,,,,,,,,,,,
352,Keldon Johnson,0.75,1.92,1.34,0.34,0.33,-0.19,,,,,,,,,,,,,,,,,
353,Darius Garland,0.74,2.48,2.47,0.30,-0.50,-1.04,,,,,,,,,,,,,,,,,
354,Robin Lopez,0.74,1.10,0.87,0.70,0.68,0.35,0.17,0.11,0.01,0.00,-0.24,-0.27,-0.29,-0.45,-0.62,-0.79,,,,,,,
355,Corey Kispert,0.74,1.73,1.12,0.85,,,,,,,,,,,,,,,,,,,
356,Cameron Payne,0.74,1.98,0.74,0.62,0.23,0.12,0.06,-0.27,-2.00,,,,,,,,,,,,,,
357,Brad Miller,0.73,1.56,0.93,0.72,0.45,-0.02,-0.12,,,,,,,,,,,,,,,,
358,Dorian Finney-Smith,0.72,1.48,1.34,1.22,-0.13,-0.30,-0.33,-0.47,-0.84,,,,,,,,,,,,,,
359,Brandon Rush,0.72,2.61,0.63,0.41,0.19,-0.22,-0.50,-0.56,,,,,,,,,,,,,,,
360,Allen Crabbe,0.72,1.54,1.35,0.77,0.23,-0.29,-0.67,,,,,,,,,,,,,,,,
361,Josh Richardson,0.72,0.92,0.91,0.73,0.61,0.42,0.28,0.27,-0.31,-0.89,,,,,,,,,,,,,
362,Immanuel Quickley,0.70,1.38,0.95,0.74,0.45,,,,,,,,,,,,,,,,,,
363,Earl Watson,0.69,1.19,0.84,0.71,0.67,0.06,-0.04,-0.32,-0.50,,,,,,,,,,,,,,
364,Chase Budinger,0.69,1.18,0.95,0.90,0.26,0.17,0.16,0.15,,,,,,,,,,,,,,,
365,Andrea Bargnani,0.69,1.23,1.15,0.66,0.33,0.07,-0.08,-0.39,-0.44,-0.52,-0.84,,,,,,,,,,,,
366,Trey Lyles,0.69,1.14,0.73,0.72,0.59,0.26,-0.13,-0.93,-0.94,,,,,,,,,,,,,,
367,Miles Bridges,0.69,2.32,1.22,0.25,0.24,-0.58,,,,,,,,,,,,,,,,,
368,Garrison Mathews,0.69,1.49,1.24,0.53,0.18,,,,,,,,,,,,,,,,,,
369,Ivica Zubac,0.69,1.08,0.98,0.64,0.62,0.12,-0.26,-0.32,-0.39,,,,,,,,,,,,,,
370,Onyeka Okongwu,0.68,1.19,1.14,0.90,0.19,,,,,,,,,,,,,,,,,,
371,Payton Pritchard,0.68,1.60,1.24,0.76,-0.21,,,,,,,,,,,,,,,,,,
372,Skylar Mays,0.68,3.28,0.70,-0.60,,,,,,,,,,,,,,,,,,,
373,Anthony Edwards,0.67,2.67,0.98,0.82,-1.12,,,,,,,,,,,,,,,,,,
374,Omri Casspi,0.67,1.24,0.77,0.72,0.36,0.27,0.02,-0.06,-0.16,-0.25,-0.30,,,,,,,,,,,,
375,Michael Beasley,0.67,0.98,0.78,0.71,0.47,0.39,0.16,-0.04,-0.10,-0.86,-0.95,-0.97,,,,,,,,,,,
376,Justin Holiday,0.67,0.92,0.90,0.85,0.41,0.26,0.20,-0.24,-0.25,-0.32,-0.52,,,,,,,,,,,,
377,Dante Exum,0.67,2.06,0.80,0.38,0.11,-0.03,-0.31,,,,,,,,,,,,,,,,
378,Willie Green,0.66,1.41,1.01,0.67,0.19,0.01,-0.16,-0.37,-0.39,-1.11,,,,,,,,,,,,,
379,Chris Wilcox,0.66,0.87,0.80,0.77,0.74,0.11,-0.15,-0.63,-0.69,,,,,,,,,,,,,,
380,Lance Stephenson,0.66,1.32,0.81,0.70,0.62,-0.17,-0.32,-0.59,-0.85,-1.58,,,,,,,,,,,,,
381,Taurean Prince,0.65,0.81,0.79,0.71,0.65,0.30,-0.41,-0.42,-1.44,,,,,,,,,,,,,,
382,Raul Neto,0.65,0.82,0.79,0.70,0.54,0.40,0.35,0.25,0.24,,,,,,,,,,,,,,
383,Langston Galloway,0.65,1.54,0.74,0.60,0.29,0.08,-0.05,-0.08,,,,,,,,,,,,,,,
384,Jaxson Hayes,0.65,1.28,0.93,0.81,0.33,-0.11,,,,,,,,,,,,,,,,,
385,Chris Andersen,0.64,1.03,0.78,0.56,0.50,0.35,0.24,-0.09,-0.13,,,,,,,,,,,,,,
386,Derrick Favors,0.64,0.87,0.75,0.56,0.50,0.50,0.48,0.15,-0.05,-0.32,-0.39,-0.42,-0.75,,,,,,,,,,
387,Robert Covington,0.63,0.92,0.86,0.66,0.42,0.30,0.23,0.17,0.15,0.10,-0.48,,,,,,,,,,,,
388,Meyers Leonard,0.63,0.89,0.79,0.71,0.47,0.27,-0.26,-0.49,,,,,,,,,,,,,,,
389,Ben McLemore,0.63,1.53,0.91,0.72,0.09,-0.12,-0.41,-0.45,-0.54,,,,,,,,,,,,,,
390,Jason Kapono,0.62,1.41,0.65,0.58,0.32,0.15,,,,,,,,,,,,,,,,,
391,Nic Claxton,0.62,1.44,0.73,0.55,0.39,,,,,,,,,,,,,,,,,,
392,Ish Smith,0.62,1.33,0.88,0.35,0.28,0.25,0.10,0.01,-0.01,-0.44,-0.44,-0.49,-0.68,-0.82,-1.23,,,,,,,,
393,Anfernee Simons,0.62,1.81,1.18,0.69,-0.17,-0.44,,,,,,,,,,,,,,,,,
394,Donte DiVincenzo,0.62,1.14,0.87,0.64,0.63,-0.20,-0.53,,,,,,,,,,,,,,,,
395,Rasual Butler,0.61,0.99,0.56,0.52,0.52,0.48,0.37,0.11,-0.11,-0.65,-0.69,,,,,,,,,,,,
396,Marcus Morris Sr.,0.61,1.78,1.18,0.29,-0.06,-0.14,,,,,,,,,,,,,,,,,
397,Jabari Parker,0.61,1.91,0.35,0.35,0.24,0.19,0.02,,,,,,,,,,,,,,,,
398,Obi Toppin,0.60,1.82,0.88,0.27,0.05,,,,,,,,,,,,,,,,,,
399,Mike Muscala,0.60,0.97,0.56,0.52,0.52,0.45,0.44,0.39,0.23,0.19,-0.82,,,,,,,,,,,,
400,Max Strus,0.60,1.64,0.77,0.48,0.11,,,,,,,,,,,,,,,,,,
401,Bobby Portis,0.60,0.98,0.90,0.68,0.35,0.09,0.01,-0.35,-0.57,-0.71,,,,,,,,,,,,,
402,Shelvin Mack,0.60,1.27,0.72,0.41,0.39,0.21,-0.14,-0.43,-1.13,,,,,,,,,,,,,,
403,Stephon Marbury,0.60,1.43,1.30,0.58,-0.31,,,,,,,,,,,,,,,,,,
404,Michael Finley,0.60,0.91,0.72,0.60,0.45,0.31,,,,,,,,,,,,,,,,,
405,LaMelo Ball,0.60,2.97,0.14,0.13,-0.24,,,,,,,,,,,,,,,,,,
406,Cedi Osman,0.60,0.88,0.74,0.54,0.42,0.40,0.23,-0.94,,,,,,,,,,,,,,,
407,De'Andre Hunter,0.60,1.57,1.55,0.36,0.34,-0.84,,,,,,,,,,,,,,,,,
408,Mike Scott,0.60,0.81,0.70,0.63,0.50,0.35,-0.08,-0.14,-0.45,,,,,,,,,,,,,,
409,Travis Diener,0.60,1.27,1.15,0.55,,,,,,,,,,,,,,,,,,,
410,Shabazz Muhammad,0.59,1.76,0.64,0.54,0.13,-0.10,,,,,,,,,,,,,,,,,
411,Chris Boucher,0.59,1.61,0.46,0.33,0.29,0.27,,,,,,,,,,,,,,,,,
412,DeShawn Stevenson,0.59,1.06,0.81,0.73,0.36,-0.02,-0.42,-0.68,-1.19,,,,,,,,,,,,,,
413,Maurice Evans,0.57,1.20,0.64,0.46,0.35,0.22,0.18,0.01,,,,,,,,,,,,,,,
414,Josh Green,0.57,1.32,1.26,0.51,-0.23,,,,,,,,,,,,,,,,,,
415,Austin Rivers,0.57,1.11,0.59,0.47,0.39,0.31,0.12,0.11,0.10,-0.02,-0.11,-1.08,,,,,,,,,,,
416,Franz Wagner,0.57,1.09,0.94,0.83,,,,,,,,,,,,,,,,,,,
417,Damian Jones,0.57,0.87,0.72,0.68,0.41,0.17,,,,,,,,,,,,,,,,,
418,Larry Nance Jr.,0.57,0.82,0.61,0.59,0.45,0.37,0.02,-0.83,,,,,,,,,,,,,,,
419,Steve Francis,0.57,1.46,1.38,,,,,,,,,,,,,,,,,,,,
420,JaVale McGee,0.57,0.65,0.63,0.53,0.52,0.49,0.44,0.38,0.27,-0.14,-0.18,-0.21,-0.25,-0.27,-1.20,,,,,,,,
421,Ricky Davis,0.56,1.58,1.42,0.23,0.11,-0.54,,,,,,,,,,,,,,,,,
422,Avery Bradley,0.56,0.96,0.74,0.42,0.39,0.28,0.12,-0.30,-0.33,-0.77,-1.04,-1.44,,,,,,,,,,,
423,Sam Hauser,0.56,1.65,1.13,,,,,,,,,,,,,,,,,,,,
424,Ed Davis,0.56,1.06,0.67,0.52,0.42,0.10,0.00,-0.04,-0.11,-0.50,,,,,,,,,,,,,
425,T.J. Warren,0.55,2.58,0.20,,,,,,,,,,,,,,,,,,,,
426,Damion Lee,0.55,1.12,0.56,0.45,0.41,0.21,-0.38,,,,,,,,,,,,,,,,
427,Tyler Johnson,0.55,0.99,0.86,0.76,0.34,-0.23,-0.36,-0.44,,,,,,,,,,,,,,,
428,Nick Collison,0.54,0.99,0.81,0.44,0.25,0.23,0.17,0.11,-0.25,-0.34,-0.45,-0.69,,,,,,,,,,,
429,Mickael Pietrus,0.54,0.96,0.54,0.51,0.38,0.33,0.12,-0.77,,,,,,,,,,,,,,,
430,Amir Coffey,0.54,1.55,1.20,0.11,-0.16,,,,,,,,,,,,,,,,,,
431,Josh McRoberts,0.54,1.16,0.79,0.36,0.28,0.11,0.00,-0.24,-1.18,,,,,,,,,,,,,,
432,Andres Nocioni,0.54,0.95,0.62,0.52,0.48,0.13,-0.19,,,,,,,,,,,,,,,,
433,Luther Head,0.54,1.34,0.73,0.30,0.29,0.03,-0.02,,,,,,,,,,,,,,,,
434,Brandon Knight,0.54,0.89,0.57,0.48,0.39,0.35,-0.23,-0.28,-0.86,,,,,,,,,,,,,,
435,Luis Scola,0.54,0.76,0.66,0.46,0.40,0.39,0.03,0.00,-0.05,-0.13,-0.70,,,,,,,,,,,,
436,Kelenna Azubuike,0.54,1.62,0.59,0.46,,,,,,,,,,,,,,,,,,,
437,Derrick Jones Jr.,0.53,1.13,0.49,0.43,0.35,0.25,0.04,-0.23,,,,,,,,,,,,,,,
438,Terrence Jones,0.53,1.80,1.16,0.07,-0.12,-0.27,,,,,,,,,,,,,,,,,
439,Bruce Brown,0.52,1.08,0.74,0.49,0.47,-0.17,-0.79,,,,,,,,,,,,,,,,
440,Jordan Crawford,0.52,2.83,0.60,0.34,0.26,-1.45,,,,,,,,,,,,,,,,,
441,Kyle Kuzma,0.51,0.97,0.60,0.50,0.49,0.00,-0.23,-0.26,,,,,,,,,,,,,,,
442,Shake Milton,0.50,1.67,1.01,0.57,0.35,-1.07,,,,,,,,,,,,,,,,,
443,Isaiah Joe,0.50,1.41,1.18,-0.02,-0.05,,,,,,,,,,,,,,,,,,
444,Rodrigue Beaubois,0.50,1.53,0.83,0.44,-0.28,,,,,,,,,,,,,,,,,,
445,MarShon Brooks,0.50,2.48,0.32,0.12,0.03,-0.43,,,,,,,,,,,,,,,,,
446,Tyronn Lue,0.50,1.23,0.55,0.44,0.28,,,,,,,,,,,,,,,,,,
447,Sasha Vujacic,0.50,1.40,0.61,0.29,0.20,0.00,-0.02,-0.30,-0.44,,,,,,,,,,,,,,
448,Taj Gibson,0.50,0.96,0.80,0.44,0.14,0.13,0.08,-0.01,-0.05,-0.29,-0.42,-0.55,-0.68,-0.74,-0.87,,,,,,,,
449,Chet Holmgren,0.49,2.47,,,,,,,,,,,,,,,,,,,,,
450,Corey Brewer,0.49,1.25,0.62,0.55,0.02,0.00,-0.15,-0.15,-0.20,-0.27,-0.58,-0.59,-1.04,,,,,,,,,,
451,Quinn Cook,0.49,1.74,0.62,0.08,0.00,,,,,,,,,,,,,,,,,,
452,Markieff Morris,0.49,1.47,0.80,0.11,0.04,0.02,0.01,-0.13,-0.21,-0.31,-0.63,-0.67,-1.20,,,,,,,,,,
453,Darius Miller,0.48,1.45,0.65,0.51,-0.18,,,,,,,,,,,,,,,,,,
454,Damon Jones,0.48,0.96,0.75,0.72,,,,,,,,,,,,,,,,,,,
455,Gerald Henderson,0.48,1.12,0.41,0.39,0.27,0.23,0.20,0.07,-0.45,,,,,,,,,,,,,,
456,Kendrick Nunn,0.48,1.48,1.29,-0.37,,,,,,,,,,,,,,,,,,,
457,Tre Jones,0.47,1.52,0.71,0.15,-0.01,,,,,,,,,,,,,,,,,,
458,Devin Vassell,0.47,1.07,0.82,0.43,0.04,,,,,,,,,,,,,,,,,,
459,Luke Babbitt,0.47,0.79,0.46,0.40,0.39,0.31,0.22,0.14,,,,,,,,,,,,,,,
460,Anderson Varejao,0.47,0.96,0.69,0.42,0.22,0.06,-0.04,-0.06,-0.06,-0.26,-0.41,-1.10,,,,,,,,,,,
461,Matt Carroll,0.47,1.41,0.71,0.57,0.25,-0.60,-0.82,,,,,,,,,,,,,,,,
462,Landry Fields,0.47,1.76,0.78,-0.21,,,,,,,,,,,,,,,,,,,
463,Anthony Johnson,0.46,0.86,0.79,0.42,0.18,0.06,,,,,,,,,,,,,,,,,
464,Rui Hachimura,0.46,1.65,0.78,0.21,-0.12,-0.21,,,,,,,,,,,,,,,,,
465,Henry Walker,0.46,1.91,0.63,0.00,-0.24,,,,,,,,,,,,,,,,,,
466,Kendall Marshall,0.45,2.41,0.66,-0.10,-0.71,,,,,,,,,,,,,,,,,,
467,Joakim Noah,0.45,1.11,0.78,0.15,0.13,0.11,-0.23,-0.32,-0.43,-0.76,-0.91,-1.29,,,,,,,,,,,
468,Ayo Dosunmu,0.45,1.41,0.75,0.11,,,,,,,,,,,,,,,,,,,
469,Dario Saric,0.45,1.24,0.55,0.50,0.04,-0.09,-0.24,-1.23,,,,,,,,,,,,,,,
470,Keith Bogans,0.45,1.12,0.39,0.36,0.25,0.13,0.11,-0.60,,,,,,,,,,,,,,,
471,Coby White,0.45,1.27,1.10,0.72,-0.32,-0.53,,,,,,,,,,,,,,,,,
472,Chucky Atkins,0.45,2.33,0.37,0.35,0.08,-0.91,,,,,,,,,,,,,,,,,
473,Maxi Kleber,0.44,0.86,0.57,0.31,0.28,0.20,-0.06,-0.44,,,,,,,,,,,,,,,
474,Tony Allen,0.44,1.00,0.51,0.38,0.23,0.09,0.09,0.03,-0.10,-0.18,-0.49,-0.58,-1.37,,,,,,,,,,
475,Vladimir Radmanovic,0.44,1.02,0.57,0.31,0.28,0.01,-0.29,-0.88,,,,,,,,,,,,,,,
476,Gorgui Dieng,0.44,0.74,0.71,0.50,0.28,-0.05,-0.09,-0.22,-0.26,-0.35,-1.03,,,,,,,,,,,,
477,Will Bynum,0.44,0.84,0.83,0.26,0.19,0.07,-0.91,,,,,,,,,,,,,,,,
478,Kelly Oubre Jr.,0.43,1.08,0.78,0.41,0.08,-0.19,-0.20,-0.33,-0.38,-0.78,,,,,,,,,,,,,
479,Jordan Poole,0.43,2.24,1.35,1.13,-1.20,-1.36,,,,,,,,,,,,,,,,,
480,Roger Mason Jr.,0.42,1.15,1.04,0.25,-0.33,,,,,,,,,,,,,,,,,,
481,Jonas Jerebko,0.42,0.72,0.53,0.38,0.25,0.21,0.14,0.00,-0.08,-0.12,,,,,,,,,,,,,
482,Chris Quinn,0.42,1.20,0.60,0.23,0.06,,,,,,,,,,,,,,,,,,
483,Jonathan Kuminga,0.42,1.00,0.57,0.52,,,,,,,,,,,,,,,,,,,
484,Keegan Murray,0.42,1.37,0.72,,,,,,,,,,,,,,,,,,,,
485,Devonte' Graham,0.42,1.00,0.86,0.36,-0.04,-0.10,,,,,,,,,,,,,,,,,
486,Jakob Poeltl,0.41,0.65,0.52,0.52,0.29,0.09,0.07,-0.12,-0.20,,,,,,,,,,,,,,
487,Herbert Jones,0.41,1.75,0.40,-0.09,,,,,,,,,,,,,,,,,,,
488,Troy Daniels,0.41,0.90,0.73,0.22,0.11,0.08,0.02,,,,,,,,,,,,,,,,
489,Nick Richards,0.41,0.99,0.88,0.16,,,,,,,,,,,,,,,,,,,
490,Charlie Bell,0.40,1.14,1.02,0.29,-0.15,-0.28,,,,,,,,,,,,,,,,,
491,Alex Caruso,0.40,0.53,0.49,0.40,0.33,0.23,0.15,-0.40,,,,,,,,,,,,,,,
492,Mirza Teletovic,0.40,1.42,0.82,0.21,0.05,-0.50,,,,,,,,,,,,,,,,,
493,Isaac Okoro,0.40,1.22,0.85,0.72,-0.81,,,,,,,,,,,,,,,,,,
494,Aaron Nesmith,0.39,1.94,0.22,0.13,-0.32,,,,,,,,,,,,,,,,,,
495,Rasheed Wallace,0.39,1.31,0.51,0.27,0.07,-0.21,-0.22,,,,,,,,,,,,,,,,
496,Kevon Looney,0.39,1.00,0.73,0.28,0.04,-0.11,-0.13,-0.21,,,,,,,,,,,,,,,
497,Evan Turner,0.39,0.87,0.63,0.25,0.11,0.09,-0.27,-0.39,-0.66,-0.69,-1.73,,,,,,,,,,,,
498,Jamario Moon,0.39,0.71,0.62,0.52,0.08,,,,,,,,,,,,,,,,,,
499,Ty Jerome,0.38,1.73,1.15,-0.43,-0.57,,,,,,,,,,,,,,,,,,
500,Anthony Carter,0.37,1.20,0.71,0.29,-0.13,-0.20,-0.22,,,,,,,,,,,,,,,,
501,Ronny Turiaf,0.37,0.60,0.41,0.40,0.24,0.21,-0.04,-0.15,,,,,,,,,,,,,,,
502,Quentin Grimes,0.37,1.50,0.39,-0.03,,,,,,,,,,,,,,,,,,,
503,Tristan Thompson,0.37,1.06,0.54,0.53,-0.11,-0.17,-0.19,-0.32,-0.61,-0.87,-0.88,-1.49,-1.54,,,,,,,,,,
504,Garrett Temple,0.37,0.66,0.60,0.34,0.14,0.12,-0.14,-0.22,-0.24,-0.27,-0.38,-0.43,-1.13,,,,,,,,,,
505,Sam Cassell,0.37,1.27,0.33,0.24,,,,,,,,,,,,,,,,,,,
506,Charlie Villanueva,0.37,0.68,0.36,0.35,0.28,0.17,-0.03,-0.18,-0.45,-0.66,,,,,,,,,,,,,
507,Earl Boykins,0.36,1.60,0.60,0.42,-0.28,-0.53,,,,,,,,,,,,,,,,,
508,KJ Martin,0.36,1.01,0.80,0.12,-0.13,,,,,,,,,,,,,,,,,,
509,Moritz Wagner,0.36,0.92,0.60,0.51,0.02,-0.26,-0.56,,,,,,,,,,,,,,,,
510,Javonte Green,0.36,1.32,0.38,0.19,-0.10,,,,,,,,,,,,,,,,,,
511,Fred Jones,0.36,0.83,0.52,0.36,0.07,,,,,,,,,,,,,,,,,,
512,Cody Zeller,0.35,0.62,0.57,0.29,0.18,0.11,0.04,-0.02,-0.09,-0.56,-0.67,,,,,,,,,,,,
513,Jannero Pargo,0.35,1.09,0.93,0.02,-0.05,-0.23,-0.58,-1.13,,,,,,,,,,,,,,,
514,Linas Kleiza,0.35,1.10,0.62,0.12,0.02,-0.11,-0.41,-0.62,,,,,,,,,,,,,,,
515,Sebastian Telfair,0.35,0.73,0.56,0.27,0.13,0.06,-0.06,-0.20,-0.34,-0.65,,,,,,,,,,,,,
516,Eddy Curry,0.35,0.93,0.46,0.35,,,,,,,,,,,,,,,,,,,
517,Damien Wilkins,0.34,0.58,0.33,0.32,0.28,0.22,-0.34,-0.58,-0.91,,,,,,,,,,,,,,
518,Kris Dunn,0.34,2.32,0.45,0.01,-0.08,-0.97,-1.06,-1.37,,,,,,,,,,,,,,,
519,Dejounte Murray,0.34,1.14,0.99,-0.06,-0.11,-0.24,-0.52,-1.37,,,,,,,,,,,,,,,
520,Quentin Richardson,0.34,0.93,0.51,0.38,0.24,-0.36,-0.76,-1.10,,,,,,,,,,,,,,,
521,Walter Herrmann,0.34,1.64,0.14,-0.09,,,,,,,,,,,,,,,,,,,
522,Dean Wade,0.34,0.72,0.54,0.23,0.19,,,,,,,,,,,,,,,,,,
523,Julian Champagnie,0.32,1.47,0.13,,,,,,,,,,,,,,,,,,,,
524,Craig Smith,0.32,0.50,0.40,0.40,0.23,0.05,0.04,,,,,,,,,,,,,,,,
525,Daniel Theis,0.31,0.69,0.42,0.38,0.11,-0.03,-0.04,,,,,,,,,,,,,,,,
526,Erick Dampier,0.31,0.61,0.48,0.47,0.15,-0.16,-0.41,,,,,,,,,,,,,,,,
527,Frank Kaminsky,0.31,0.47,0.43,0.41,0.32,-0.08,-0.08,-0.43,,,,,,,,,,,,,,,
528,Mark Williams,0.31,1.25,0.29,,,,,,,,,,,,,,,,,,,,
529,Steven Adams,0.31,0.92,0.48,0.18,-0.01,-0.04,-0.24,-0.36,-0.42,-0.42,-0.89,,,,,,,,,,,,
530,Elfrid Payton,0.30,0.47,0.41,0.30,0.17,0.15,0.05,-0.98,-1.37,,,,,,,,,,,,,,
531,Marreese Speights,0.30,0.86,0.60,0.08,0.04,-0.10,-0.16,-0.22,-0.40,-0.63,-0.69,,,,,,,,,,,,
532,Mikki Moore,0.30,1.03,0.72,0.34,-0.08,-0.52,,,,,,,,,,,,,,,,,
533,Terry Taylor,0.29,1.47,,,,,,,,,,,,,,,,,,,,,
534,Andris Biedrins,0.29,0.95,0.35,0.31,0.01,-0.17,-0.23,,,,,,,,,,,,,,,,
535,Hakim Warrick,0.29,0.64,0.42,0.33,0.06,0.01,-0.07,-0.50,-0.97,,,,,,,,,,,,,,
536,Kadeem Allen,0.29,1.45,,,,,,,,,,,,,,,,,,,,,
537,Jalen Smith,0.29,1.85,0.09,-0.50,,,,,,,,,,,,,,,,,,,
538,Jon Leuer,0.28,0.38,0.38,0.34,0.28,0.05,-0.41,,,,,,,,,,,,,,,,
539,Kevin Knox,0.28,3.19,-1.78,,,,,,,,,,,,,,,,,,,,
540,Jaren Jackson Jr.,0.28,1.22,0.96,0.15,-0.35,-0.58,-0.64,,,,,,,,,,,,,,,,
541,Eddie Jones,0.28,0.91,0.50,0.01,,,,,,,,,,,,,,,,,,,
542,Jimmer Fredette,0.28,0.82,0.63,0.10,-0.14,,,,,,,,,,,,,,,,,,
543,Trendon Watford,0.28,0.63,0.41,0.36,,,,,,,,,,,,,,,,,,,
544,Sam Merrill,0.28,1.40,,,,,,,,,,,,,,,,,,,,,
545,Drew Gooden,0.28,1.06,0.60,0.13,-0.07,-0.31,-0.41,-0.52,-0.76,-1.16,-1.16,,,,,,,,,,,,
546,Kenyon Martin,0.28,0.68,0.48,0.13,0.06,0.04,-0.38,-0.78,-1.11,,,,,,,,,,,,,,
547,Danuel House Jr.,0.28,0.86,0.52,0.00,,,,,,,,,,,,,,,,,,,
548,Ike Diogu,0.27,0.52,0.34,0.30,0.21,,,,,,,,,,,,,,,,,,
549,Quincy Pondexter,0.27,0.73,0.69,0.12,0.02,-0.19,-0.39,,,,,,,,,,,,,,,,
550,Jaden McDaniels,0.27,1.34,0.19,0.03,-0.19,,,,,,,,,,,,,,,,,,
551,Luke Walton,0.27,1.14,0.65,0.10,-0.23,-0.31,-0.46,-0.50,-0.77,,,,,,,,,,,,,,
552,De'Anthony Melton,0.27,1.02,0.69,0.33,-0.27,-0.42,-0.75,,,,,,,,,,,,,,,,
553,Ryan Gomes,0.27,0.50,0.30,0.28,0.16,0.10,-0.36,,,,,,,,,,,,,,,,
554,Iman Shumpert,0.27,0.63,0.50,0.13,0.06,0.03,-0.15,-0.32,,,,,,,,,,,,,,,
555,Ryan Arcidiacono,0.27,1.24,0.10,0.01,-0.02,,,,,,,,,,,,,,,,,,
556,Jaylen Nowell,0.27,1.55,0.00,-0.21,,,,,,,,,,,,,,,,,,,
557,Luke Kornet,0.27,1.25,0.49,-0.07,-0.13,-0.20,-0.25,,,,,,,,,,,,,,,,
558,Alan Anderson,0.26,0.65,0.26,0.25,0.24,-0.07,,,,,,,,,,,,,,,,,
559,Yogi Ferrell,0.26,0.77,0.53,0.10,-0.07,,,,,,,,,,,,,,,,,,
560,Brian Roberts,0.26,1.06,0.50,0.06,-0.14,-0.17,,,,,,,,,,,,,,,,,
561,Kent Bazemore,0.26,0.77,0.22,0.16,0.15,0.01,-0.11,-0.50,-0.54,-0.56,-0.92,,,,,,,,,,,,
562,Jerian Grant,0.26,1.14,0.39,0.20,-0.42,,,,,,,,,,,,,,,,,,
563,Maurice Harkless,0.26,0.62,0.52,0.24,-0.04,-0.04,-0.09,-0.09,-0.15,-0.31,-0.60,,,,,,,,,,,,
564,Gary Payton II,0.26,1.32,0.45,0.29,-0.75,,,,,,,,,,,,,,,,,,
565,Shannon Brown,0.26,0.47,0.42,0.25,0.10,0.06,-1.35,,,,,,,,,,,,,,,,
566,Chris Copeland,0.26,1.23,0.81,-0.75,,,,,,,,,,,,,,,,,,,
567,Walker Kessler,0.26,1.18,0.09,,,,,,,,,,,,,,,,,,,,
568,Dereck Lively II,0.25,1.25,,,,,,,,,,,,,,,,,,,,,
569,Terence Davis,0.25,0.39,0.31,0.30,0.23,,,,,,,,,,,,,,,,,,
570,Facundo Campazzo,0.25,0.86,0.37,,,,,,,,,,,,,,,,,,,,
571,Saddiq Bey,0.25,0.74,0.52,0.11,-0.15,,,,,,,,,,,,,,,,,,
572,Jordan McRae,0.24,0.59,0.52,0.35,-0.25,,,,,,,,,,,,,,,,,,
573,Glenn Robinson III,0.24,0.96,0.45,0.16,0.07,-0.43,,,,,,,,,,,,,,,,,
574,Juan Toscano-Anderson,0.24,1.50,0.25,-0.54,,,,,,,,,,,,,,,,,,,
575,Eric Paschall,0.24,0.79,0.40,-0.01,,,,,,,,,,,,,,,,,,,
576,Ruben Patterson,0.23,1.41,0.56,-0.81,,,,,,,,,,,,,,,,,,,
577,Greg Oden,0.23,1.05,0.11,,,,,,,,,,,,,,,,,,,,
578,Moses Moody,0.23,0.63,0.38,0.15,,,,,,,,,,,,,,,,,,,
579,Eric Maynor,0.23,0.88,0.45,0.29,-0.47,,,,,,,,,,,,,,,,,,
580,Marcus Banks,0.23,0.63,0.37,0.22,-0.07,,,,,,,,,,,,,,,,,,
581,Shareef Abdur-Rahim,0.23,1.47,-0.32,,,,,,,,,,,,,,,,,,,,
582,Bruce Bowen,0.22,0.57,0.27,0.19,0.09,,,,,,,,,,,,,,,,,,
583,Dante Cunningham,0.22,0.51,0.27,0.20,0.14,0.00,-0.12,-0.52,-0.54,-0.54,-0.69,,,,,,,,,,,,
584,Zaza Pachulia,0.22,0.71,0.46,0.23,-0.13,-0.17,-0.18,-0.24,-0.24,-0.54,-0.62,-0.62,-0.73,-0.86,-0.91,,,,,,,,
585,Dion Waiters,0.22,0.69,0.38,0.16,0.00,-0.15,-0.21,-0.45,-0.50,,,,,,,,,,,,,,
586,Dewayne Dedmon,0.22,0.37,0.36,0.26,0.23,-0.13,-0.22,-0.29,-1.80,,,,,,,,,,,,,,
587,Aaron Wiggins,0.21,1.01,0.34,-0.29,,,,,,,,,,,,,,,,,,,
588,Tim Thomas,0.21,0.62,0.36,0.20,-0.05,-0.11,,,,,,,,,,,,,,,,,
589,Cason Wallace,0.21,1.03,,,,,,,,,,,,,,,,,,,,,
590,Dahntay Jones,0.21,0.59,0.30,0.21,-0.02,-0.04,-0.18,-0.59,,,,,,,,,,,,,,,
591,Hollis Thompson,0.20,0.47,0.41,0.41,-0.26,,,,,,,,,,,,,,,,,,
592,Anthony Gill,0.20,0.70,0.32,,,,,,,,,,,,,,,,,,,,
593,Matt Thomas,0.20,0.93,0.34,-0.26,,,,,,,,,,,,,,,,,,,
594,Daequan Cook,0.20,1.31,0.40,0.39,-0.40,-0.68,-1.00,,,,,,,,,,,,,,,,
595,Shawne Williams,0.20,0.63,0.31,0.05,0.04,-0.01,-1.46,,,,,,,,,,,,,,,,
596,Isaiah Hartenstein,0.20,1.20,0.42,-0.23,-0.39,,,,,,,,,,,,,,,,,,
597,Von Wafer,0.20,0.52,0.40,0.09,,,,,,,,,,,,,,,,,,,
598,Leon Powe,0.20,0.80,0.38,-0.03,-0.15,,,,,,,,,,,,,,,,,,
599,Jarvis Hayes,0.20,0.38,0.32,0.22,0.18,-0.10,,,,,,,,,,,,,,,,,
600,Milos Teodosic,0.20,0.99,,,,,,,,,,,,,,,,,,,,,
601,Bobby Simmons,0.20,0.99,0.86,-0.29,-0.56,,,,,,,,,,,,,,,,,,
602,Scottie Barnes,0.20,1.61,0.13,-0.75,,,,,,,,,,,,,,,,,,,
603,Bol Bol,0.19,0.91,0.06,,,,,,,,,,,,,,,,,,,,
604,Lucas Nogueira,0.19,0.64,0.31,,,,,,,,,,,,,,,,,,,,
605,Furkan Korkmaz,0.19,0.91,0.39,0.12,-0.23,-0.24,,,,,,,,,,,,,,,,,
606,Trayce Jackson-Davis,0.19,0.95,,,,,,,,,,,,,,,,,,,,,
607,JaMychal Green,0.19,0.40,0.37,0.31,0.04,-0.20,-0.29,-0.42,-0.70,,,,,,,,,,,,,,
608,Roy Hibbert,0.19,1.07,0.42,-0.02,-0.26,-0.28,-0.35,-0.45,-0.56,-0.84,,,,,,,,,,,,,
609,Sarunas Jasikevicius,0.18,0.73,0.19,,,,,,,,,,,,,,,,,,,,
610,Greg Smith,0.18,0.90,,,,,,,,,,,,,,,,,,,,,
611,Edmond Sumner,0.18,0.82,0.33,-0.25,,,,,,,,,,,,,,,,,,,
612,Andrew Nembhard,0.18,1.08,-0.18,,,,,,,,,,,,,,,,,,,,
613,Lindy Waters III,0.18,0.58,0.32,,,,,,,,,,,,,,,,,,,,
614,Cheick Diallo,0.18,0.31,0.29,0.28,,,,,,,,,,,,,,,,,,,
615,Alonzo Mourning,0.18,0.70,0.16,0.02,,,,,,,,,,,,,,,,,,,
616,AJ Green,0.18,0.49,0.39,,,,,,,,,,,,,,,,,,,,
617,Joey Graham,0.17,0.54,0.27,0.11,0.07,-0.12,-0.41,,,,,,,,,,,,,,,,
618,Kyle O'Quinn,0.17,0.70,0.12,0.09,0.09,-0.14,-0.18,-0.29,-0.46,,,,,,,,,,,,,,
619,Andre Drummond,0.17,1.30,0.43,-0.11,-0.35,-0.42,-0.56,-0.75,-0.81,-1.11,-1.23,-1.65,-2.35,,,,,,,,,,
620,Willie Cauley-Stein,0.17,0.44,0.33,0.26,-0.06,-0.12,-0.43,,,,,,,,,,,,,,,,
621,Nate Wolters,0.17,0.85,,,,,,,,,,,,,,,,,,,,,
622,Naz Reid,0.17,0.68,0.51,0.25,0.01,-0.61,,,,,,,,,,,,,,,,,
623,Jalen Johnson,0.17,0.92,-0.08,,,,,,,,,,,,,,,,,,,,
624,Chris Douglas-Roberts,0.16,1.26,0.37,0.00,-0.81,,,,,,,,,,,,,,,,,,
625,Derrick Williams,0.16,0.65,0.56,-0.02,-0.03,-0.35,-0.44,,,,,,,,,,,,,,,,
626,DeJuan Blair,0.16,0.75,0.34,0.15,-0.10,-0.35,,,,,,,,,,,,,,,,,
627,Kenrich Williams,0.16,0.43,0.41,0.34,-0.19,-0.19,-0.51,,,,,,,,,,,,,,,,
628,Jahlil Okafor,0.16,0.48,0.41,0.12,0.06,-0.28,-0.65,,,,,,,,,,,,,,,,
629,Jalen Rose,0.16,0.79,,,,,,,,,,,,,,,,,,,,,
630,Brian Cardinal,0.16,0.96,0.82,-0.02,-0.34,-0.64,,,,,,,,,,,,,,,,,
631,P.J. Tucker,0.16,0.86,-0.07,,,,,,,,,,,,,,,,,,,,
632,Nando De Colo,0.16,0.54,0.24,,,,,,,,,,,,,,,,,,,,
633,Derrick Brown,0.16,0.73,0.17,-0.12,,,,,,,,,,,,,,,,,,,
634,Shabazz Napier,0.16,0.61,0.20,0.12,0.03,-0.19,-0.40,,,,,,,,,,,,,,,,
635,Oshae Brissett,0.15,1.61,0.01,-0.26,-0.58,,,,,,,,,,,,,,,,,,
636,Torrey Craig,0.15,0.34,0.20,0.18,0.11,-0.05,-0.07,-0.20,,,,,,,,,,,,,,,
637,Tony Bradley,0.15,0.59,0.57,-0.39,,,,,,,,,,,,,,,,,,,
638,Tyler Zeller,0.15,1.11,0.20,-0.01,-0.25,-0.29,-1.00,,,,,,,,,,,,,,,,
639,John Jenkins,0.15,0.84,0.14,-0.22,,,,,,,,,,,,,,,,,,,
640,Troy Brown Jr.,0.15,0.32,0.21,0.19,0.05,-0.01,-0.20,,,,,,,,,,,,,,,,
641,John Konchar,0.15,0.68,0.41,0.06,-0.39,,,,,,,,,,,,,,,,,,
642,Grant Williams,0.15,0.86,0.76,0.05,-0.15,-0.76,,,,,,,,,,,,,,,,,
643,Aaron Holiday,0.15,0.53,0.48,0.31,-0.26,-0.32,-0.42,,,,,,,,,,,,,,,,
644,Nassir Little,0.15,0.69,0.31,0.19,-0.22,-0.22,,,,,,,,,,,,,,,,,
645,Shawn Long,0.15,0.74,,,,,,,,,,,,,,,,,,,,,
646,Kirk Snyder,0.15,0.36,0.30,0.08,,,,,,,,,,,,,,,,,,,
647,Brian Cook,0.14,0.96,0.18,-0.19,-0.23,,,,,,,,,,,,,,,,,,
648,Keon Ellis,0.14,0.72,,,,,,,,,,,,,,,,,,,,,
649,Wesley Johnson,0.14,0.46,0.21,0.16,-0.02,-0.09,-0.18,-0.49,-0.51,-0.54,,,,,,,,,,,,,
650,Jermaine O'Neal,0.14,0.54,0.12,0.11,0.11,-0.16,-0.93,-1.07,-1.24,-1.30,,,,,,,,,,,,,
651,Cristiano Felicio,0.14,0.37,0.34,0.13,-0.13,,,,,,,,,,,,,,,,,,
652,Jalen Duren,0.14,0.64,0.06,,,,,,,,,,,,,,,,,,,,
653,McKinley Wright IV,0.14,0.70,,,,,,,,,,,,,,,,,,,,,
654,Jason Thompson,0.14,0.69,0.30,0.26,-0.27,-0.27,-0.47,-0.57,-0.63,,,,,,,,,,,,,,
655,Isaiah Canaan,0.14,0.32,0.32,0.06,0.03,-0.04,-0.35,,,,,,,,,,,,,,,,
656,Alonzo Gee,0.14,0.34,0.20,0.14,0.04,-0.02,-0.30,,,,,,,,,,,,,,,,
657,Jeremy Evans,0.14,0.48,0.21,,,,,,,,,,,,,,,,,,,,
658,Jordan Bell,0.14,0.91,-0.22,,,,,,,,,,,,,,,,,,,,
659,Justin Jackson,0.14,0.86,0.06,0.06,-0.29,,,,,,,,,,,,,,,,,,
660,Cartier Martin,0.14,0.93,0.64,0.09,-0.15,-0.83,,,,,,,,,,,,,,,,,
661,Mychal Mulder,0.14,0.68,,,,,,,,,,,,,,,,,,,,,
662,Alex Abrines,0.13,0.46,0.32,-0.10,,,,,,,,,,,,,,,,,,,
663,David Nwaba,0.13,0.40,0.31,0.19,-0.22,,,,,,,,,,,,,,,,,,
664,Matt Ryan,0.13,0.73,-0.06,,,,,,,,,,,,,,,,,,,,
665,Sergey Karasev,0.13,0.38,0.28,,,,,,,,,,,,,,,,,,,,
666,Chuck Hayes,0.13,0.51,0.46,0.12,-0.02,-0.41,-0.50,-0.56,-0.58,-0.60,,,,,,,,,,,,,
667,Will Solomon,0.13,0.66,,,,,,,,,,,,,,,,,,,,,
668,Jerry Stackhouse,0.13,0.57,0.15,0.11,-0.03,-0.15,-0.29,,,,,,,,,,,,,,,,
669,John Lucas III,0.13,0.71,0.69,0.25,-1.01,,,,,,,,,,,,,,,,,,
670,Willie Reed,0.13,0.53,0.15,-0.05,,,,,,,,,,,,,,,,,,,
671,Austin Croshere,0.13,0.71,0.33,-0.40,,,,,,,,,,,,,,,,,,,
672,Caleb Martin,0.13,0.98,0.56,0.02,-0.27,-0.67,,,,,,,,,,,,,,,,,
673,Luc Mbah a Moute,0.13,0.53,0.37,0.25,-0.21,-0.32,-0.36,-0.42,-0.50,-1.09,-1.52,,,,,,,,,,,,
674,AJ Griffin,0.12,0.62,,,,,,,,,,,,,,,,,,,,,
675,Frank Jackson,0.12,0.94,0.12,-0.12,-0.33,,,,,,,,,,,,,,,,,,
676,Juan Carlos Navarro,0.12,0.59,,,,,,,,,,,,,,,,,,,,,
677,Deni Avdija,0.12,0.82,0.36,-0.12,-0.47,,,,,,,,,,,,,,,,,,
678,Ian Clark,0.12,0.67,0.35,0.16,-0.61,,,,,,,,,,,,,,,,,,
679,Travis Outlaw,0.11,0.58,0.10,0.03,0.01,-0.16,-0.28,-0.31,-0.62,-0.80,,,,,,,,,,,,,
680,Vlatko Cancar,0.11,0.56,,,,,,,,,,,,,,,,,,,,,
681,Jordan Hamilton,0.11,0.27,0.23,0.06,-0.01,,,,,,,,,,,,,,,,,,
682,Ryan Broekhoff,0.11,0.54,,,,,,,,,,,,,,,,,,,,,
683,Tony Delk,0.10,0.50,,,,,,,,,,,,,,,,,,,,,
684,Rasho Nesterovic,0.10,0.46,0.16,0.09,0.08,-0.31,,,,,,,,,,,,,,,,,
685,Deyonta Davis,0.10,0.48,,,,,,,,,,,,,,,,,,,,,
686,Isaiah Jackson,0.10,0.95,-0.23,-0.25,,,,,,,,,,,,,,,,,,,
687,Fabricio Oberto,0.09,0.80,0.03,-0.04,-0.11,-0.20,,,,,,,,,,,,,,,,,
688,Patrick Williams,0.09,1.17,-0.09,-0.21,-0.40,,,,,,,,,,,,,,,,,,
689,Sean Kilpatrick,0.09,0.74,0.08,-0.35,,,,,,,,,,,,,,,,,,,
690,Allonzo Trier,0.09,0.62,-0.15,,,,,,,,,,,,,,,,,,,,
691,Craig Porter Jr.,0.09,0.46,,,,,,,,,,,,,,,,,,,,,
692,Ben Sheppard,0.09,0.46,,,,,,,,,,,,,,,,,,,,,
693,Scotty Pippen Jr.,0.09,0.44,,,,,,,,,,,,,,,,,,,,,
694,Marcus Camby,0.09,0.54,0.07,0.03,-0.02,-0.19,-0.35,-1.03,,,,,,,,,,,,,,,
695,James Anderson,0.08,0.60,0.41,-0.13,-0.45,,,,,,,,,,,,,,,,,,
696,Marquis Daniels,0.08,0.45,0.39,0.20,-0.31,-0.31,-0.44,-0.68,-0.83,,,,,,,,,,,,,,
697,Ryan Hollins,0.08,0.30,0.14,0.05,-0.01,-0.06,-0.47,-0.51,,,,,,,,,,,,,,,
698,Sterling Brown,0.08,0.70,0.51,-0.15,-0.18,-0.47,,,,,,,,,,,,,,,,,
699,Andre Jackson Jr.,0.08,0.42,,,,,,,,,,,,,,,,,,,,,
700,Justin Hamilton,0.08,0.25,0.16,,,,,,,,,,,,,,,,,,,,
701,Jabari Brown,0.08,0.40,,,,,,,,,,,,,,,,,,,,,
702,Jake Layman,0.08,0.60,0.05,-0.25,,,,,,,,,,,,,,,,,,,
703,Jacob Gilyard,0.08,0.39,,,,,,,,,,,,,,,,,,,,,
704,Jevon Carter,0.08,0.47,0.43,0.33,0.05,-0.89,-1.35,,,,,,,,,,,,,,,,
705,Raef LaFrentz,0.08,0.38,,,,,,,,,,,,,,,,,,,,,
706,Michael Kidd-Gilchrist,0.07,0.27,0.14,0.06,0.02,-0.12,-0.30,,,,,,,,,,,,,,,,
707,Derek Anderson,0.07,1.32,-0.43,-0.51,,,,,,,,,,,,,,,,,,,
708,Kosta Koufos,0.07,0.62,0.41,-0.03,-0.19,-0.44,-0.47,-0.50,-0.55,-0.78,-0.98,,,,,,,,,,,,
709,Olivier Sarr,0.07,0.36,,,,,,,,,,,,,,,,,,,,,
710,Juan Hernangomez,0.07,0.44,0.32,-0.01,-0.02,-0.37,-0.48,,,,,,,,,,,,,,,,
711,Charles Jenkins,0.07,0.81,-0.46,,,,,,,,,,,,,,,,,,,,
712,Arnett Moultrie,0.07,0.35,,,,,,,,,,,,,,,,,,,,,
713,Jorge Garbajosa,0.07,0.35,,,,,,,,,,,,,,,,,,,,,
714,Al-Farouq Aminu,0.07,0.56,0.44,-0.09,-0.20,-0.36,-0.59,-0.70,-0.75,-0.88,-1.37,-2.11,,,,,,,,,,,
715,Gary Forbes,0.07,0.32,0.03,,,,,,,,,,,,,,,,,,,,
716,Salim Stoudamire,0.07,0.64,-0.11,-0.18,,,,,,,,,,,,,,,,,,,
717,Qyntel Woods,0.07,0.35,,,,,,,,,,,,,,,,,,,,,
718,JJ Hickson,0.07,1.08,0.01,-0.08,-0.30,-0.37,-0.66,-0.92,-1.38,,,,,,,,,,,,,,
719,Davion Mitchell,0.07,0.44,0.27,-0.37,,,,,,,,,,,,,,,,,,,
720,Jericho Sims,0.06,0.43,-0.11,,,,,,,,,,,,,,,,,,,,
721,Nerlens Noel,0.06,0.78,0.66,-0.03,-0.36,-0.73,-0.76,-1.44,,,,,,,,,,,,,,,
722,Manny Harris,0.06,0.51,-0.20,,,,,,,,,,,,,,,,,,,,
723,TJ Leaf,0.06,0.31,0.00,,,,,,,,,,,,,,,,,,,,
724,Mickael Gelabale,0.06,0.84,-0.15,-0.39,,,,,,,,,,,,,,,,,,,
725,Miroslav Raduljica,0.06,0.30,,,,,,,,,,,,,,,,,,,,,
726,Marcus Sasser,0.06,0.29,,,,,,,,,,,,,,,,,,,,,
727,Ryan Kelly,0.06,1.23,-0.22,-0.72,,,,,,,,,,,,,,,,,,,
728,Jaime Jaquez Jr.,0.06,0.28,,,,,,,,,,,,,,,,,,,,,
729,Jordan Hill,0.06,0.89,-0.10,-0.12,-0.19,-0.21,-0.38,-0.84,,,,,,,,,,,,,,,
730,Kenneth Lofton Jr.,0.06,0.28,,,,,,,,,,,,,,,,,,,,,
731,Damjan Rudez,0.05,0.56,-0.29,,,,,,,,,,,,,,,,,,,,
732,Bobby Jackson,0.05,0.41,0.24,0.18,-0.56,,,,,,,,,,,,,,,,,,
733,Miles McBride,0.05,0.44,0.05,-0.23,,,,,,,,,,,,,,,,,,,
734,Pero Antic,0.05,0.23,0.02,,,,,,,,,,,,,,,,,,,,
735,Udonis Haslem,0.05,0.70,-0.03,-0.06,-0.17,-0.19,-0.24,-0.52,-0.58,-0.62,,,,,,,,,,,,,
736,Nick Van Exel,0.05,0.25,,,,,,,,,,,,,,,,,,,,,
737,Shammond Williams,0.05,0.25,,,,,,,,,,,,,,,,,,,,,
738,Chris Johnson,0.05,0.49,0.35,-0.22,-0.38,,,,,,,,,,,,,,,,,,
739,Luka Garza,0.05,0.75,-0.51,,,,,,,,,,,,,,,,,,,,
740,Gabe Vincent,0.05,0.81,-0.26,-0.31,,,,,,,,,,,,,,,,,,,
741,Jaden Hardy,0.05,0.36,-0.12,,,,,,,,,,,,,,,,,,,,
742,James White,0.05,0.23,,,,,,,,,,,,,,,,,,,,,
743,Ivan Rabb,0.04,0.12,0.11,,,,,,,,,,,,,,,,,,,,
744,Wendell Carter Jr.,0.04,0.71,0.55,0.38,-0.70,-0.72,-0.98,,,,,,,,,,,,,,,,
745,Brad Wanamaker,0.04,0.67,0.50,-0.43,-0.53,,,,,,,,,,,,,,,,,,
746,Bostjan Nachbar,0.04,1.22,-0.13,-0.88,,,,,,,,,,,,,,,,,,,
747,Tyler Cavanaugh,0.04,0.21,,,,,,,,,,,,,,,,,,,,,
748,Kyle Singler,0.04,0.73,0.09,-0.17,-0.44,,,,,,,,,,,,,,,,,,
749,Ronnie Price,0.04,0.42,0.01,-0.06,-0.08,-0.09,-0.44,-0.49,-0.58,-0.68,-0.69,,,,,,,,,,,,
750,Sasha Vezenkov,0.04,0.20,,,,,,,,,,,,,,,,,,,,,
751,Lonnie Walker IV,0.04,0.51,0.26,-0.15,-0.17,-0.25,,,,,,,,,,,,,,,,,
752,Quincy Acy,0.04,0.80,0.15,-0.08,-0.18,-0.51,,,,,,,,,,,,,,,,,
753,Tremont Waters,0.04,0.18,,,,,,,,,,,,,,,,,,,,,
754,Chris Clemons,0.03,0.17,,,,,,,,,,,,,,,,,,,,,
755,Chris Hunter,0.03,0.17,,,,,,,,,,,,,,,,,,,,,
756,Nik Stauskas,0.03,0.27,0.19,0.18,-0.18,-0.29,,,,,,,,,,,,,,,,,
757,Mateen Cleaves,0.03,0.16,,,,,,,,,,,,,,,,,,,,,
758,Naji Marshall,0.03,0.51,0.11,-0.02,-0.44,,,,,,,,,,,,,,,,,,
759,Matisse Thybulle,0.03,0.44,0.20,0.01,-0.16,-0.33,,,,,,,,,,,,,,,,,
760,Keita Bates-Diop,0.03,0.84,0.20,-0.10,-0.16,-0.62,,,,,,,,,,,,,,,,,
761,Emeka Okafor,0.03,0.18,0.12,-0.01,-0.05,-0.08,-0.14,-0.50,-1.96,,,,,,,,,,,,,,
762,Alex Poythress,0.03,0.15,,,,,,,,,,,,,,,,,,,,,
763,Evan Mobley,0.03,0.36,0.22,-0.43,,,,,,,,,,,,,,,,,,,
764,Bones Hyland,0.03,0.88,0.18,-0.91,,,,,,,,,,,,,,,,,,,
765,Cam Thomas,0.03,0.46,-0.02,-0.29,,,,,,,,,,,,,,,,,,,
766,Nikola Jovic,0.03,0.13,,,,,,,,,,,,,,,,,,,,,
767,Spencer Hawes,0.03,0.43,0.17,-0.05,-0.21,-0.21,-0.35,-0.40,-0.50,-0.58,-0.93,,,,,,,,,,,,
768,Etan Thomas,0.03,0.30,-0.17,,,,,,,,,,,,,,,,,,,,
769,Jeff Withey,0.02,0.16,0.02,-0.06,,,,,,,,,,,,,,,,,,,
770,Richie Frahm,0.02,0.12,,,,,,,,,,,,,,,,,,,,,
771,Darrick Martin,0.02,0.30,-0.18,,,,,,,,,,,,,,,,,,,,
772,Kevin Ollie,0.02,0.22,0.01,-0.12,,,,,,,,,,,,,,,,,,,
773,Jerome Jordan,0.02,0.11,,,,,,,,,,,,,,,,,,,,,
774,Christian Braun,0.02,0.16,-0.06,,,,,,,,,,,,,,,,,,,,
775,Jumaine Jones,0.02,0.11,,,,,,,,,,,,,,,,,,,,,
776,Hassan Adams,0.02,0.10,,,,,,,,,,,,,,,,,,,,,
777,Bruno Caboclo,0.02,0.10,,,,,,,,,,,,,,,,,,,,,
778,Jeff Ayres,0.02,0.13,0.07,-0.10,,,,,,,,,,,,,,,,,,,
779,Dan Dickau,0.02,0.26,0.03,-0.20,,,,,,,,,,,,,,,,,,,
780,Gary Payton,0.02,0.43,-0.34,,,,,,,,,,,,,,,,,,,,
781,Vince Williams Jr.,0.02,0.09,,,,,,,,,,,,,,,,,,,,,
782,Robbie Hummel,0.02,0.10,-0.01,,,,,,,,,,,,,,,,,,,,
783,Jared Butler,0.02,0.13,-0.05,,,,,,,,,,,,,,,,,,,,
784,Pat Garrity,0.02,0.08,,,,,,,,,,,,,,,,,,,,,
785,Chimezie Metu,0.02,0.41,0.08,-0.20,-0.21,,,,,,,,,,,,,,,,,,
786,Greg Buckner,0.02,0.91,-0.14,-0.31,-0.39,,,,,,,,,,,,,,,,,,
787,Davon Reed,0.02,0.84,-0.76,,,,,,,,,,,,,,,,,,,,
788,Johnathan Williams,0.02,0.08,,,,,,,,,,,,,,,,,,,,,
789,Brevin Knight,0.01,0.39,0.20,0.18,-0.69,,,,,,,,,,,,,,,,,,
790,Duop Reath,0.01,0.07,,,,,,,,,,,,,,,,,,,,,
791,Lynn Greer,0.01,0.07,,,,,,,,,,,,,,,,,,,,,
792,Jarred Vanderbilt,0.01,0.21,0.06,-0.03,-0.18,,,,,,,,,,,,,,,,,,
793,Dikembe Mutombo,0.01,0.15,-0.09,,,,,,,,,,,,,,,,,,,,
794,Ignas Brazdeikis,0.01,0.06,,,,,,,,,,,,,,,,,,,,,
795,Kyle Weaver,0.01,0.05,,,,,,,,,,,,,,,,,,,,,
796,Keith Van Horn,0.01,0.05,,,,,,,,,,,,,,,,,,,,,
797,Jose Alvarado,0.01,0.36,0.00,-0.30,,,,,,,,,,,,,,,,,,,
798,Jordan Hawkins,0.01,0.05,,,,,,,,,,,,,,,,,,,,,
799,Isaiah Livers,0.01,0.79,0.17,-0.91,,,,,,,,,,,,,,,,,,,
800,Justin Anderson,0.01,0.35,0.11,0.11,-0.14,-0.39,,,,,,,,,,,,,,,,,
801,DJ White,0.01,0.11,-0.07,,,,,,,,,,,,,,,,,,,,
802,PJ Dozier,0.01,0.23,-0.20,,,,,,,,,,,,,,,,,,,,
803,Isaiah Taylor,0.01,0.04,,,,,,,,,,,,,,,,,,,,,
804,Jake Tsakalidis,0.01,0.03,,,,,,,,,,,,,,,,,,,,,
805,Zeke Nnaji,0.01,0.52,0.05,-0.55,,,,,,,,,,,,,,,,,,,
806,Svi Mykhailiuk,0.00,0.77,0.63,-0.34,-0.47,-0.57,,,,,,,,,,,,,,,,,
807,Bennedict Mathurin,0.00,0.18,-0.16,,,,,,,,,,,,,,,,,,,,
808,Malcolm Lee,0.00,0.00,,,,,,,,,,,,,,,,,,,,,
809,GG Jackson,0.00,0.00,,,,,,,,,,,,,,,,,,,,,
810,Brendan Haywood,0.00,0.62,0.07,-0.12,-0.17,-0.41,-0.46,-1.02,,,,,,,,,,,,,,,
811,Jon Barry,0.00,-0.01,,,,,,,,,,,,,,,,,,,,,
812,Archie Goodwin,0.00,1.49,-0.44,-0.52,-0.55,,,,,,,,,,,,,,,,,,
813,Jaylen Adams,-0.01,-0.03,,,,,,,,,,,,,,,,,,,,,
814,Acie Law,-0.01,0.40,0.23,-0.21,-0.45,,,,,,,,,,,,,,,,,,
815,Cam Whitmore,-0.01,-0.03,,,,,,,,,,,,,,,,,,,,,
816,Jonah Bolden,-0.01,-0.04,,,,,,,,,,,,,,,,,,,,,
817,Terrance Ferguson,-0.01,0.32,0.15,-0.50,,,,,,,,,,,,,,,,,,,
818,Patrick McCaw,-0.01,0.54,-0.07,-0.24,-0.27,,,,,,,,,,,,,,,,,,
819,Ivan Johnson,-0.01,0.10,-0.14,,,,,,,,,,,,,,,,,,,,
820,Jason Smith,-0.01,0.52,0.22,-0.10,-0.30,-0.38,-0.42,-0.50,-0.65,-0.67,-0.81,,,,,,,,,,,,
821,Chris Mihm,-0.01,-0.05,,,,,,,,,,,,,,,,,,,,,
822,Gradey Dick,-0.01,-0.05,,,,,,,,,,,,,,,,,,,,,
823,Ian Mahinmi,-0.01,0.33,0.16,0.07,-0.21,-0.40,-0.45,-0.65,-0.69,-0.91,-1.00,,,,,,,,,,,,
824,Aron Baynes,-0.01,0.48,-0.02,-0.05,-0.21,-0.26,-0.59,-1.17,-1.30,,,,,,,,,,,,,,
825,Timothe Luwawu-Cabarrot,-0.01,0.36,0.31,-0.14,-0.26,-0.33,-0.45,,,,,,,,,,,,,,,,
826,AJ Price,-0.01,0.47,0.42,0.23,-0.50,-0.70,,,,,,,,,,,,,,,,,
827,Simone Fontecchio,-0.01,0.62,-0.69,,,,,,,,,,,,,,,,,,,,
828,Anthony Roberson,-0.01,-0.07,,,,,,,,,,,,,,,,,,,,,
829,James Young,-0.01,-0.07,,,,,,,,,,,,,,,,,,,,,
830,Vasilije Micic,-0.01,-0.07,,,,,,,,,,,,,,,,,,,,,
831,Abdel Nader,-0.01,0.64,0.58,-0.13,-1.16,,,,,,,,,,,,,,,,,,
832,Kevin Knox II,-0.01,-0.03,-0.05,,,,,,,,,,,,,,,,,,,,
833,Miye Oni,-0.01,-0.07,,,,,,,,,,,,,,,,,,,,,
834,Kim English,-0.01,-0.07,,,,,,,,,,,,,,,,,,,,,
835,Sundiata Gaines,-0.02,0.58,0.02,-0.68,,,,,,,,,,,,,,,,,,,
836,Rob Kurz,-0.02,-0.08,,,,,,,,,,,,,,,,,,,,,
837,Sam Dekker,-0.02,0.53,-0.14,-0.47,,,,,,,,,,,,,,,,,,,
838,Ante Zizic,-0.02,-0.08,,,,,,,,,,,,,,,,,,,,,
839,Dominique Jones,-0.02,-0.02,-0.06,,,,,,,,,,,,,,,,,,,,
840,C.J. Williams,-0.02,-0.09,,,,,,,,,,,,,,,,,,,,,
841,Zeljko Rebraca,-0.02,-0.09,,,,,,,,,,,,,,,,,,,,,
842,Admiral Schofield,-0.02,0.15,-0.24,,,,,,,,,,,,,,,,,,,,
843,Justin James,-0.02,-0.10,,,,,,,,,,,,,,,,,,,,,
844,Alex Len,-0.02,0.33,0.00,-0.01,-0.17,-0.25,-0.30,-0.58,-0.68,-1.57,,,,,,,,,,,,,
845,Furkan Aldemir,-0.02,-0.10,,,,,,,,,,,,,,,,,,,,,
846,Bernard James,-0.02,-0.10,,,,,,,,,,,,,,,,,,,,,
847,Smush Parker,-0.02,1.00,0.57,-1.68,,,,,,,,,,,,,,,,,,,
848,Damyean Dotson,-0.02,0.25,0.18,0.15,-0.69,,,,,,,,,,,,,,,,,,
849,Charles Bassey,-0.02,-0.10,,,,,,,,,,,,,,,,,,,,,
850,Mitch McGary,-0.02,-0.11,,,,,,,,,,,,,,,,,,,,,
851,Jonny Flynn,-0.02,0.80,-0.42,-0.49,,,,,,,,,,,,,,,,,,,
852,Javaris Crittenton,-0.02,-0.04,-0.07,,,,,,,,,,,,,,,,,,,,
853,Jorge Gutierrez,-0.02,-0.11,,,,,,,,,,,,,,,,,,,,,
854,Zydrunas Ilgauskas,-0.02,1.11,-0.11,-0.28,-0.36,-0.46,-0.52,,,,,,,,,,,,,,,,
855,Brandin Podziemski,-0.02,-0.11,,,,,,,,,,,,,,,,,,,,,
856,Lester Quinones,-0.02,-0.12,,,,,,,,,,,,,,,,,,,,,
857,Drew Eubanks,-0.02,0.30,-0.11,-0.12,-0.18,,,,,,,,,,,,,,,,,,
858,Patrick Baldwin Jr.,-0.02,-0.12,,,,,,,,,,,,,,,,,,,,,
859,Royal Ivey,-0.02,0.26,0.16,0.00,-0.21,-0.33,-0.36,,,,,,,,,,,,,,,,
860,Anthony Lamb,-0.02,0.64,-0.76,,,,,,,,,,,,,,,,,,,,
861,Kyle Guy,-0.02,-0.12,,,,,,,,,,,,,,,,,,,,,
862,Renaldo Balkman,-0.03,0.34,-0.04,-0.44,,,,,,,,,,,,,,,,,,,
863,Jon Brockman,-0.03,-0.05,-0.08,,,,,,,,,,,,,,,,,,,,
864,Josh Harrellson,-0.03,-0.14,,,,,,,,,,,,,,,,,,,,,
865,Jarace Walker,-0.03,-0.14,,,,,,,,,,,,,,,,,,,,,
866,Scott Padgett,-0.03,-0.14,,,,,,,,,,,,,,,,,,,,,
867,Timofey Mozgov,-0.03,0.35,0.12,0.00,-0.23,-0.38,-0.40,-0.69,,,,,,,,,,,,,,,
868,Darnell Jackson,-0.03,-0.15,,,,,,,,,,,,,,,,,,,,,
869,Rodney Carney,-0.03,0.24,0.02,-0.01,-0.05,-0.35,,,,,,,,,,,,,,,,,
870,Tarence Kinsey,-0.03,-0.15,,,,,,,,,,,,,,,,,,,,,
871,Tyler Cook,-0.03,-0.15,,,,,,,,,,,,,,,,,,,,,
872,Jordan Nwora,-0.03,0.17,0.07,-0.02,-0.37,,,,,,,,,,,,,,,,,,
873,Rashad McCants,-0.03,0.52,0.10,-0.13,-0.64,,,,,,,,,,,,,,,,,,
874,Matt Harpring,-0.03,0.10,0.09,-0.05,-0.30,,,,,,,,,,,,,,,,,,
875,Chris Silva,-0.03,-0.15,,,,,,,,,,,,,,,,,,,,,
876,Jeff Foster,-0.03,0.52,0.03,-0.05,-0.19,-0.46,,,,,,,,,,,,,,,,,
877,Andre Owens,-0.03,-0.16,,,,,,,,,,,,,,,,,,,,,
878,Toure' Murry,-0.03,-0.16,,,,,,,,,,,,,,,,,,,,,
879,Max Christie,-0.03,-0.02,-0.14,,,,,,,,,,,,,,,,,,,,
880,Shandon Anderson,-0.03,-0.16,,,,,,,,,,,,,,,,,,,,,
881,Steven Hunter,-0.03,-0.01,-0.16,,,,,,,,,,,,,,,,,,,,
882,Semih Erden,-0.03,-0.16,,,,,,,,,,,,,,,,,,,,,
883,Jalen Wilson,-0.03,-0.17,,,,,,,,,,,,,,,,,,,,,
884,Walter Lemon Jr.,-0.03,-0.17,,,,,,,,,,,,,,,,,,,,,
885,Aaron Williams,-0.04,-0.18,,,,,,,,,,,,,,,,,,,,,
886,Elliot Williams,-0.04,-0.18,,,,,,,,,,,,,,,,,,,,,
887,Othella Harrington,-0.04,-0.18,,,,,,,,,,,,,,,,,,,,,
888,Kurt Thomas,-0.04,0.29,-0.04,-0.06,-0.17,-0.21,-0.24,-0.31,-0.55,,,,,,,,,,,,,,
889,Darrell Armstrong,-0.04,0.56,-0.21,-0.54,,,,,,,,,,,,,,,,,,,
890,Caleb Houstan,-0.04,0.07,-0.26,,,,,,,,,,,,,,,,,,,,
891,Marvin Bagley III,-0.04,0.27,0.14,0.06,-0.06,-0.62,-1.86,,,,,,,,,,,,,,,,
892,Wayne Simien,-0.04,-0.19,,,,,,,,,,,,,,,,,,,,,
893,Ira Newble,-0.04,-0.19,,,,,,,,,,,,,,,,,,,,,
894,Lamond Murray,-0.04,-0.20,,,,,,,,,,,,,,,,,,,,,
895,David Wesley,-0.04,0.31,-0.51,,,,,,,,,,,,,,,,,,,,
896,Shaquille Harrison,-0.04,0.54,0.47,-0.36,-0.85,,,,,,,,,,,,,,,,,,
897,Andrew Goudelock,-0.04,-0.21,,,,,,,,,,,,,,,,,,,,,
898,Cole Aldrich,-0.04,0.36,-0.23,-0.34,,,,,,,,,,,,,,,,,,,
899,Marko Guduric,-0.04,-0.21,,,,,,,,,,,,,,,,,,,,,
900,Amen Thompson,-0.04,-0.21,,,,,,,,,,,,,,,,,,,,,
901,James Michael McAdoo,-0.04,-0.05,-0.16,,,,,,,,,,,,,,,,,,,,
902,Kay Felder,-0.04,-0.21,,,,,,,,,,,,,,,,,,,,,
903,Toni Kukoc,-0.04,-0.22,,,,,,,,,,,,,,,,,,,,,
904,Jackie Butler,-0.04,-0.22,,,,,,,,,,,,,,,,,,,,,
905,Sindarius Thornwell,-0.04,-0.22,,,,,,,,,,,,,,,,,,,,,
906,Tyler Hansbrough,-0.04,0.33,0.08,-0.12,-0.17,-0.35,-1.52,,,,,,,,,,,,,,,,
907,Michael Doleac,-0.04,-0.22,,,,,,,,,,,,,,,,,,,,,
908,Roko Ukic,-0.04,-0.22,,,,,,,,,,,,,,,,,,,,,
909,Salah Mejri,-0.04,0.22,0.04,-0.24,-0.24,,,,,,,,,,,,,,,,,,
910,Nathan Jawai,-0.04,-0.22,,,,,,,,,,,,,,,,,,,,,
911,Donyell Marshall,-0.05,-0.03,-0.20,,,,,,,,,,,,,,,,,,,,
912,Yuta Watanabe,-0.05,0.82,-0.04,-0.20,-0.81,,,,,,,,,,,,,,,,,,
913,Bobby Jones,-0.05,-0.10,-0.14,,,,,,,,,,,,,,,,,,,,
914,Jae'Sean Tate,-0.05,0.31,0.29,-0.08,-0.76,,,,,,,,,,,,,,,,,,
915,Jock Landale,-0.05,0.27,-0.14,-0.37,,,,,,,,,,,,,,,,,,,
916,DaQuan Jeffries,-0.05,-0.25,,,,,,,,,,,,,,,,,,,,,
917,Jordan Williams,-0.05,-0.25,,,,,,,,,,,,,,,,,,,,,
918,Allan Ray,-0.05,-0.26,,,,,,,,,,,,,,,,,,,,,
919,Flip Murray,-0.05,1.05,-0.15,-0.26,-0.32,-0.59,,,,,,,,,,,,,,,,,
920,Keith McLeod,-0.05,0.10,-0.36,,,,,,,,,,,,,,,,,,,,
921,Armoni Brooks,-0.05,0.25,-0.52,,,,,,,,,,,,,,,,,,,,
922,Kai Jones,-0.05,-0.27,,,,,,,,,,,,,,,,,,,,,
923,Samuel Dalembert,-0.05,0.09,0.08,0.04,-0.02,-0.46,-0.57,-0.60,-0.88,-0.98,-1.07,,,,,,,,,,,,
924,Alexey Shved,-0.06,0.23,-0.07,-0.44,,,,,,,,,,,,,,,,,,,
925,Mindaugas Kuzminskas,-0.06,-0.28,,,,,,,,,,,,,,,,,,,,,
926,Pooh Jeter,-0.06,-0.28,,,,,,,,,,,,,,,,,,,,,
927,Chasson Randle,-0.06,0.37,0.28,-0.93,,,,,,,,,,,,,,,,,,,
928,Andre Barrett,-0.06,-0.28,,,,,,,,,,,,,,,,,,,,,
929,Tyler Ulis,-0.06,0.16,-0.45,,,,,,,,,,,,,,,,,,,,
930,Brandon Paul,-0.06,-0.29,,,,,,,,,,,,,,,,,,,,,
931,Robert Horry,-0.06,0.12,0.00,-0.41,,,,,,,,,,,,,,,,,,,
932,Larry Hughes,-0.06,0.58,0.45,-0.14,-0.37,-0.81,,,,,,,,,,,,,,,,,
933,Okaro White,-0.06,-0.29,,,,,,,,,,,,,,,,,,,,,
934,Nicolo Melli,-0.06,0.46,-0.75,,,,,,,,,,,,,,,,,,,,
935,Willy Hernangomez,-0.06,0.22,-0.01,-0.12,-0.18,-0.20,-0.26,-0.37,,,,,,,,,,,,,,,
936,DerMarr Johnson,-0.06,0.58,-0.87,,,,,,,,,,,,,,,,,,,,
937,Anthony Black,-0.06,-0.30,,,,,,,,,,,,,,,,,,,,,
938,Zabian Dowdell,-0.06,-0.30,,,,,,,,,,,,,,,,,,,,,
939,Alando Tucker,-0.06,-0.30,,,,,,,,,,,,,,,,,,,,,
940,Howard Eisley,-0.06,-0.30,,,,,,,,,,,,,,,,,,,,,
941,Paul Reed,-0.06,-0.05,-0.10,-0.17,,,,,,,,,,,,,,,,,,,
942,Sandro Mamukelashvili,-0.06,0.47,0.03,-0.82,,,,,,,,,,,,,,,,,,,
943,Kevon Harris,-0.06,-0.32,,,,,,,,,,,,,,,,,,,,,
944,Jacque Vaughn,-0.06,0.33,-0.08,-0.12,-0.45,,,,,,,,,,,,,,,,,,
945,Julian Strawther,-0.07,-0.33,,,,,,,,,,,,,,,,,,,,,
946,Tim Frazier,-0.07,0.63,-0.15,-0.19,-0.26,-0.36,-0.98,,,,,,,,,,,,,,,,
947,Rodney McGruder,-0.07,0.34,0.27,-0.12,-0.35,-0.46,,,,,,,,,,,,,,,,,
948,Alan Williams,-0.07,-0.33,,,,,,,,,,,,,,,,,,,,,
949,Damon Stoudamire,-0.07,0.50,-0.10,-0.73,,,,,,,,,,,,,,,,,,,
950,Peyton Watson,-0.07,-0.33,,,,,,,,,,,,,,,,,,,,,
951,Nenad Krstic,-0.07,0.68,0.12,0.07,-0.25,-0.95,-1.30,,,,,,,,,,,,,,,,
952,Kostas Papanikolaou,-0.07,-0.34,,,,,,,,,,,,,,,,,,,,,
953,Yakhouba Diawara,-0.07,0.32,-0.20,-0.46,,,,,,,,,,,,,,,,,,,
954,Semi Ojeleye,-0.07,0.14,0.11,-0.06,-0.54,,,,,,,,,,,,,,,,,,
955,Eric Snow,-0.07,-0.14,-0.21,,,,,,,,,,,,,,,,,,,,
956,Armon Johnson,-0.07,-0.35,,,,,,,,,,,,,,,,,,,,,
957,Casey Jacobsen,-0.07,-0.35,,,,,,,,,,,,,,,,,,,,,
958,Solomon Hill,-0.07,0.22,0.00,-0.05,-0.08,-0.44,-0.51,,,,,,,,,,,,,,,,
959,Cuttino Mobley,-0.07,0.53,0.14,-0.10,-0.93,,,,,,,,,,,,,,,,,,
960,Ime Udoka,-0.07,0.68,-0.20,-0.40,-0.44,,,,,,,,,,,,,,,,,,
961,Peyton Siva,-0.07,-0.37,,,,,,,,,,,,,,,,,,,,,
962,Kris Humphries,-0.07,0.22,-0.08,-0.09,-0.21,-0.21,-0.27,-0.32,-0.54,-0.54,-0.80,-1.01,,,,,,,,,,,
963,Cory Jefferson,-0.08,-0.38,,,,,,,,,,,,,,,,,,,,,
964,Ish Wainright,-0.08,-0.11,-0.27,,,,,,,,,,,,,,,,,,,,
965,DeQuan Jones,-0.08,-0.38,,,,,,,,,,,,,,,,,,,,,
966,Eduardo Najera,-0.08,0.53,0.13,-0.46,-0.58,,,,,,,,,,,,,,,,,,
967,Joe Alexander,-0.08,-0.39,,,,,,,,,,,,,,,,,,,,,
968,Eric Moreland,-0.08,-0.39,,,,,,,,,,,,,,,,,,,,,
969,Dylan Windler,-0.08,-0.10,-0.29,,,,,,,,,,,,,,,,,,,,
970,Taylor Hendricks,-0.08,-0.39,,,,,,,,,,,,,,,,,,,,,
971,Usman Garuba,-0.08,-0.39,,,,,,,,,,,,,,,,,,,,,
972,Ben Uzoh,-0.08,-0.03,-0.36,,,,,,,,,,,,,,,,,,,,
973,Dalen Terry,-0.08,-0.04,-0.35,,,,,,,,,,,,,,,,,,,,
974,Jaylen Hoard,-0.08,0.29,-0.69,,,,,,,,,,,,,,,,,,,,
975,Jonathan Bender,-0.08,-0.40,,,,,,,,,,,,,,,,,,,,,
976,Isaiah Briscoe,-0.08,-0.40,,,,,,,,,,,,,,,,,,,,,
977,Georgios Papagiannis,-0.08,-0.40,,,,,,,,,,,,,,,,,,,,,
978,Carsen Edwards,-0.08,0.15,-0.56,,,,,,,,,,,,,,,,,,,,
979,Dominick Barlow,-0.08,0.06,-0.47,,,,,,,,,,,,,,,,,,,,
980,Antoine Wright,-0.08,0.20,0.10,-0.03,-0.69,,,,,,,,,,,,,,,,,,
981,Primoz Brezec,-0.08,0.45,-0.42,-0.46,,,,,,,,,,,,,,,,,,,
982,Pat Burke,-0.08,-0.42,,,,,,,,,,,,,,,,,,,,,
983,Bilal Coulibaly,-0.09,-0.43,,,,,,,,,,,,,,,,,,,,,
984,Orlando Robinson,-0.09,-0.14,-0.28,,,,,,,,,,,,,,,,,,,,
985,Shavlik Randolph,-0.09,-0.43,,,,,,,,,,,,,,,,,,,,,
986,Rayan Rupert,-0.09,-0.43,,,,,,,,,,,,,,,,,,,,,
987,Jaylin Williams,-0.09,-0.02,-0.41,,,,,,,,,,,,,,,,,,,,
988,Jaron Blossomgame,-0.09,-0.43,,,,,,,,,,,,,,,,,,,,,
989,Lance Thomas,-0.09,0.28,0.09,-0.07,-0.31,-0.42,-0.63,-1.27,,,,,,,,,,,,,,,
990,Mason Jones,-0.09,-0.43,,,,,,,,,,,,,,,,,,,,,
991,Viktor Khryapa,-0.09,-0.44,,,,,,,,,,,,,,,,,,,,,
992,Wenyen Gabriel,-0.09,0.07,-0.51,,,,,,,,,,,,,,,,,,,,
993,Hasheem Thabeet,-0.09,-0.14,-0.30,,,,,,,,,,,,,,,,,,,,
994,Moochie Norris,-0.09,-0.45,,,,,,,,,,,,,,,,,,,,,
995,Perry Jones III,-0.09,0.18,-0.63,,,,,,,,,,,,,,,,,,,,
996,Andray Blatche,-0.09,0.50,0.33,-0.07,-0.60,-0.61,-0.62,-1.47,-1.64,,,,,,,,,,,,,,
997,DaJuan Summers,-0.09,-0.45,,,,,,,,,,,,,,,,,,,,,
998,Scot Pollard,-0.09,-0.45,,,,,,,,,,,,,,,,,,,,,
999,Luka Samanic,-0.09,-0.45,,,,,,,,,,,,,,,,,,,,,
1000,Larry Drew,-0.09,-0.46,,,,,,,,,,,,,,,,,,,,,
1001,Henry Ellenson,-0.09,-0.46,,,,,,,,,,,,,,,,,,,,,
1002,David Noel,-0.09,-0.46,,,,,,,,,,,,,,,,,,,,,
1003,Dwight Buycks,-0.09,-0.46,,,,,,,,,,,,,,,,,,,,,
1004,Robert Swift,-0.09,-0.47,,,,,,,,,,,,,,,,,,,,,
1005,Nathan Knight,-0.09,0.30,-0.01,-0.76,,,,,,,,,,,,,,,,,,,
1006,Vassilis Spanoulis,-0.10,-0.48,,,,,,,,,,,,,,,,,,,,,
1007,Jeff Adrien,-0.10,0.09,-0.58,,,,,,,,,,,,,,,,,,,,
1008,Gal Mekel,-0.10,-0.48,,,,,,,,,,,,,,,,,,,,,
1009,Nico Mannion,-0.10,-0.49,,,,,,,,,,,,,,,,,,,,,
1010,Nicolas Brussino,-0.10,-0.49,,,,,,,,,,,,,,,,,,,,,
1011,Joe Young,-0.10,-0.06,-0.43,,,,,,,,,,,,,,,,,,,,
1012,Alfonzo McKinnie,-0.10,0.23,-0.72,,,,,,,,,,,,,,,,,,,,
1013,Ousmane Dieng,-0.10,0.20,-0.69,,,,,,,,,,,,,,,,,,,,
1014,Tony Battie,-0.10,-0.02,-0.18,-0.30,,,,,,,,,,,,,,,,,,,
1015,Lazar Hayward,-0.10,-0.51,,,,,,,,,,,,,,,,,,,,,
1016,Julian Wright,-0.10,0.46,-0.13,-0.20,-0.63,,,,,,,,,,,,,,,,,,
1017,James Singleton,-0.10,0.51,0.19,-1.21,,,,,,,,,,,,,,,,,,,
1018,Diante Garrett,-0.10,-0.52,,,,,,,,,,,,,,,,,,,,,
1019,Moses Brown,-0.10,0.17,-0.17,-0.52,,,,,,,,,,,,,,,,,,,
1020,Luke Jackson,-0.10,-0.52,,,,,,,,,,,,,,,,,,,,,
1021,Jonathon Simmons,-0.10,0.44,0.30,-0.25,-1.01,,,,,,,,,,,,,,,,,,
1022,Greg Ostertag,-0.10,-0.52,,,,,,,,,,,,,,,,,,,,,
1023,Sean Williams,-0.10,-0.52,,,,,,,,,,,,,,,,,,,,,
1024,Lonzo Ball,-0.10,0.73,0.60,0.42,-0.32,-1.95,,,,,,,,,,,,,,,,,
1025,Norris Cole,-0.10,0.53,0.43,0.00,-0.68,-0.80,,,,,,,,,,,,,,,,,
1026,Dee Brown,-0.11,-0.53,,,,,,,,,,,,,,,,,,,,,
1027,Darrun Hilliard,-0.11,-0.03,-0.50,,,,,,,,,,,,,,,,,,,,
1028,JaJuan Johnson,-0.11,-0.53,,,,,,,,,,,,,,,,,,,,,
1029,John Henson,-0.11,0.11,-0.05,-0.11,-0.14,-0.34,-0.38,-0.46,,,,,,,,,,,,,,,
1030,Luke Harangody,-0.11,-0.54,,,,,,,,,,,,,,,,,,,,,
1031,Lawrence Roberts,-0.11,-0.54,,,,,,,,,,,,,,,,,,,,,
1032,Lindsey Hunter,-0.11,-0.08,-0.14,-0.33,,,,,,,,,,,,,,,,,,,
1033,Malcolm Delaney,-0.11,0.37,-0.91,,,,,,,,,,,,,,,,,,,,
1034,Gabe Pruitt,-0.11,-0.55,,,,,,,,,,,,,,,,,,,,,
1035,Josh Magette,-0.11,-0.55,,,,,,,,,,,,,,,,,,,,,
1036,Bryce McGowens,-0.11,0.31,-0.87,,,,,,,,,,,,,,,,,,,,
1037,Dyson Daniels,-0.11,-0.26,-0.30,,,,,,,,,,,,,,,,,,,,
1038,Walter McCarty,-0.11,-0.56,,,,,,,,,,,,,,,,,,,,,
1039,Gerald Fitch,-0.11,-0.57,,,,,,,,,,,,,,,,,,,,,
1040,Christian Koloko,-0.11,-0.57,,,,,,,,,,,,,,,,,,,,,
1041,Doron Lamb,-0.11,0.33,-0.90,,,,,,,,,,,,,,,,,,,,
1042,Lamar Patterson,-0.12,-0.58,,,,,,,,,,,,,,,,,,,,,
1043,Devin Ebanks,-0.12,-0.58,,,,,,,,,,,,,,,,,,,,,
1044,Isaac Bonga,-0.12,0.27,-0.85,,,,,,,,,,,,,,,,,,,,
1045,Markus Howard,-0.12,-0.58,,,,,,,,,,,,,,,,,,,,,
1046,Sonny Weems,-0.12,0.45,-0.24,-0.79,,,,,,,,,,,,,,,,,,,
1047,Brandon Miller,-0.12,-0.58,,,,,,,,,,,,,,,,,,,,,
1048,Jamaal Tinsley,-0.12,0.56,0.27,0.11,-0.63,-0.88,-1.11,,,,,,,,,,,,,,,,
1049,Mfiondu Kabengele,-0.12,-0.59,,,,,,,,,,,,,,,,,,,,,
1050,Zarko Cabarkapa,-0.12,-0.59,,,,,,,,,,,,,,,,,,,,,
1051,Bernard Robinson,-0.12,-0.60,,,,,,,,,,,,,,,,,,,,,
1052,Jiri Welsch,-0.12,-0.60,,,,,,,,,,,,,,,,,,,,,
1053,Troy Hudson,-0.12,0.02,-0.62,,,,,,,,,,,,,,,,,,,,
1054,Milt Palacio,-0.12,-0.61,,,,,,,,,,,,,,,,,,,,,
1055,Sean Marks,-0.12,-0.62,,,,,,,,,,,,,,,,,,,,,
1056,Henry Sims,-0.12,0.02,-0.64,,,,,,,,,,,,,,,,,,,,
1057,Donell Taylor,-0.13,-0.26,-0.37,,,,,,,,,,,,,,,,,,,,
1058,Omer Yurtseven,-0.13,-0.27,-0.36,,,,,,,,,,,,,,,,,,,,
1059,Victor Claver,-0.13,-0.63,,,,,,,,,,,,,,,,,,,,,
1060,Erick Green,-0.13,-0.63,,,,,,,,,,,,,,,,,,,,,
1061,Anthony Brown,-0.13,-0.63,,,,,,,,,,,,,,,,,,,,,
1062,Killian Tillie,-0.13,-0.63,,,,,,,,,,,,,,,,,,,,,
1063,Sergio Rodriguez,-0.13,0.46,0.28,-0.24,-0.33,-0.81,,,,,,,,,,,,,,,,,
1064,Terrel Harris,-0.13,-0.64,,,,,,,,,,,,,,,,,,,,,
1065,Shane Larkin,-0.13,0.15,-0.14,-0.21,-0.45,,,,,,,,,,,,,,,,,,
1066,Kyle Collinsworth,-0.13,-0.66,,,,,,,,,,,,,,,,,,,,,
1067,Kevin Burleson,-0.13,-0.66,,,,,,,,,,,,,,,,,,,,,
1068,Brice Sensabaugh,-0.13,-0.67,,,,,,,,,,,,,,,,,,,,,
1069,Bismack Biyombo,-0.13,-0.08,-0.10,-0.14,-0.16,-0.19,-0.71,-0.84,-0.90,-0.93,-1.00,-1.02,-1.06,-1.17,,,,,,,,,
1070,Phil Pressey,-0.13,0.01,-0.28,-0.40,,,,,,,,,,,,,,,,,,,
1071,Sasha Pavlovic,-0.13,0.15,0.07,-0.16,-0.27,-0.47,-1.05,-1.53,,,,,,,,,,,,,,,
1072,Adrian Griffin,-0.14,0.03,-0.18,-0.52,,,,,,,,,,,,,,,,,,,
1073,Greg Brown III,-0.14,-0.68,,,,,,,,,,,,,,,,,,,,,
1074,KZ Okpala,-0.14,-0.68,,,,,,,,,,,,,,,,,,,,,
1075,Rodions Kurucs,-0.14,-0.34,-0.35,,,,,,,,,,,,,,,,,,,,
1076,Keyonte George,-0.14,-0.69,,,,,,,,,,,,,,,,,,,,,
1077,Ochai Agbaji,-0.14,0.04,-0.75,,,,,,,,,,,,,,,,,,,,
1078,Zoran Planinic,-0.14,-0.71,,,,,,,,,,,,,,,,,,,,,
1079,Goga Bitadze,-0.14,0.29,0.23,-0.15,-0.50,-0.58,,,,,,,,,,,,,,,,,
1080,Alexander Johnson,-0.14,-0.25,-0.46,,,,,,,,,,,,,,,,,,,,
1081,Gary Clark,-0.14,0.25,-0.03,-0.18,-0.74,,,,,,,,,,,,,,,,,,
1082,Ron Baker,-0.14,0.13,-0.85,,,,,,,,,,,,,,,,,,,,
1083,Travis Wear,-0.14,-0.72,,,,,,,,,,,,,,,,,,,,,
1084,Caleb Swanigan,-0.14,-0.72,,,,,,,,,,,,,,,,,,,,,
1085,Tarik Black,-0.14,0.21,-0.27,-0.32,-0.34,,,,,,,,,,,,,,,,,,
1086,Paul Davis,-0.14,-0.72,,,,,,,,,,,,,,,,,,,,,
1087,Ekpe Udoh,-0.14,0.31,0.02,-0.16,-0.23,-0.67,-1.02,,,,,,,,,,,,,,,,
1088,Thanasis Antetokounmpo,-0.14,-0.20,-0.52,,,,,,,,,,,,,,,,,,,,
1089,Mike Wilks,-0.15,0.15,-0.87,,,,,,,,,,,,,,,,,,,,
1090,Vit Krejci,-0.15,-0.73,,,,,,,,,,,,,,,,,,,,,
1091,Alperen Sengun,-0.15,-0.02,-0.22,-0.49,,,,,,,,,,,,,,,,,,,
1092,Kris Murray,-0.15,-0.74,,,,,,,,,,,,,,,,,,,,,
1093,Stanley Johnson,-0.15,0.63,0.62,-0.17,-0.88,-0.93,-0.97,-1.10,,,,,,,,,,,,,,,
1094,Jared Sullinger,-0.15,0.22,0.12,-0.40,-0.68,,,,,,,,,,,,,,,,,,
1095,Kennedy Chandler,-0.15,-0.74,,,,,,,,,,,,,,,,,,,,,
1096,Quincy Douby,-0.15,-0.04,-0.34,-0.36,,,,,,,,,,,,,,,,,,,
1097,Elijah Millsap,-0.15,-0.75,,,,,,,,,,,,,,,,,,,,,
1098,Voshon Lenard,-0.15,-0.75,,,,,,,,,,,,,,,,,,,,,
1099,Brandon Boston Jr.,-0.15,-0.26,-0.49,,,,,,,,,,,,,,,,,,,,
1100,Festus Ezeli,-0.15,0.12,-0.04,-0.83,,,,,,,,,,,,,,,,,,,
1101,Rafer Alston,-0.15,0.83,0.24,0.22,-0.29,-1.75,,,,,,,,,,,,,,,,,
1102,Sean Singletary,-0.15,-0.76,,,,,,,,,,,,,,,,,,,,,
1103,CJ Elleby,-0.15,-0.76,,,,,,,,,,,,,,,,,,,,,
1104,Antonio Burks,-0.15,-0.76,,,,,,,,,,,,,,,,,,,,,
1105,Romeo Langford,-0.15,-0.09,-0.67,,,,,,,,,,,,,,,,,,,,
1106,DeAndre Liggins,-0.15,-0.35,-0.42,,,,,,,,,,,,,,,,,,,,
1107,Maurice Taylor,-0.15,-0.77,,,,,,,,,,,,,,,,,,,,,
1108,Tyler Dorsey,-0.15,-0.03,-0.74,,,,,,,,,,,,,,,,,,,,
1109,Markel Brown,-0.15,-0.28,-0.50,,,,,,,,,,,,,,,,,,,,
1110,Harry Giles III,-0.15,-0.01,-0.37,-0.39,,,,,,,,,,,,,,,,,,,
1111,Chris McCullough,-0.16,-0.78,,,,,,,,,,,,,,,,,,,,,
1112,Jarron Collins,-0.16,-0.07,-0.27,-0.44,,,,,,,,,,,,,,,,,,,
1113,Josh Christopher,-0.16,-0.13,-0.65,,,,,,,,,,,,,,,,,,,,
1114,Omari Spellman,-0.16,-0.26,-0.53,,,,,,,,,,,,,,,,,,,,
1115,Jontay Porter,-0.16,-0.79,,,,,,,,,,,,,,,,,,,,,
1116,Adonal Foyle,-0.16,-0.38,-0.42,,,,,,,,,,,,,,,,,,,,
1117,Jerome James,-0.16,-0.81,,,,,,,,,,,,,,,,,,,,,
1118,Brodric Thomas,-0.16,-0.81,,,,,,,,,,,,,,,,,,,,,
1119,Wayne Selden,-0.16,0.16,-0.97,,,,,,,,,,,,,,,,,,,,
1120,Toumani Camara,-0.16,-0.82,,,,,,,,,,,,,,,,,,,,,
1121,Andre Roberson,-0.16,0.26,-0.20,-0.44,-0.44,,,,,,,,,,,,,,,,,,
1122,Day'Ron Sharpe,-0.16,-0.14,-0.32,-0.36,,,,,,,,,,,,,,,,,,,
1123,DJ Strawberry,-0.17,-0.83,,,,,,,,,,,,,,,,,,,,,
1124,Stephen Graham,-0.17,0.23,-0.39,-0.67,,,,,,,,,,,,,,,,,,,
1125,Jan Vesely,-0.17,0.00,-0.35,-0.48,,,,,,,,,,,,,,,,,,,
1126,Marc Jackson,-0.17,-0.16,-0.68,,,,,,,,,,,,,,,,,,,,
1127,Jonathan Gibson,-0.17,-0.84,,,,,,,,,,,,,,,,,,,,,
1128,Josh Huestis,-0.17,-0.84,,,,,,,,,,,,,,,,,,,,,
1129,Orien Greene,-0.17,-0.84,,,,,,,,,,,,,,,,,,,,,
1130,Kobi Simmons,-0.17,-0.84,,,,,,,,,,,,,,,,,,,,,
1131,Robert Sacre,-0.17,-0.24,-0.61,,,,,,,,,,,,,,,,,,,,
1132,Orlando Johnson,-0.17,0.06,-0.90,,,,,,,,,,,,,,,,,,,,
1133,MarJon Beauchamp,-0.17,0.01,-0.86,,,,,,,,,,,,,,,,,,,,
1134,Cedric Simmons,-0.17,-0.86,,,,,,,,,,,,,,,,,,,,,
1135,Antonio Davis,-0.17,-0.86,,,,,,,,,,,,,,,,,,,,,
1136,Nick Smith Jr.,-0.17,-0.86,,,,,,,,,,,,,,,,,,,,,
1137,Elijah Hughes,-0.17,-0.86,,,,,,,,,,,,,,,,,,,,,
1138,Walker Russell,-0.17,-0.87,,,,,,,,,,,,,,,,,,,,,
1139,David Andersen,-0.17,-0.38,-0.49,,,,,,,,,,,,,,,,,,,,
1140,Troy Williams,-0.17,-0.10,-0.77,,,,,,,,,,,,,,,,,,,,
1141,Gustavo Ayon,-0.17,0.22,-0.17,-0.92,,,,,,,,,,,,,,,,,,,
1142,Jalen Green,-0.17,0.13,0.00,-1.00,,,,,,,,,,,,,,,,,,,
1143,Mike Taylor,-0.18,-0.88,,,,,,,,,,,,,,,,,,,,,
1144,Aaron Gray,-0.18,0.05,-0.11,-0.20,-0.29,-0.33,-0.49,,,,,,,,,,,,,,,,
1145,Lester Hudson,-0.18,-0.88,,,,,,,,,,,,,,,,,,,,,
1146,Nolan Smith,-0.18,-0.33,-0.56,,,,,,,,,,,,,,,,,,,,
1147,Christian Eyenga,-0.18,-0.89,,,,,,,,,,,,,,,,,,,,,
1148,Ausar Thompson,-0.18,-0.89,,,,,,,,,,,,,,,,,,,,,
1149,Anzejs Pasecniks,-0.18,-0.89,,,,,,,,,,,,,,,,,,,,,
1150,Jusuf Nurkic,-0.18,0.55,-0.14,-0.33,-0.35,-0.63,-1.05,-1.11,-1.25,-1.55,-1.71,,,,,,,,,,,,
1151,Josh Selby,-0.18,-0.90,,,,,,,,,,,,,,,,,,,,,
1152,Vitor Faverani,-0.18,-0.90,,,,,,,,,,,,,,,,,,,,,
1153,Jeremiah Robinson-Earl,-0.18,-0.07,-0.83,,,,,,,,,,,,,,,,,,,,
1154,Quincy Miller,-0.18,-0.91,,,,,,,,,,,,,,,,,,,,,
1155,Kessler Edwards,-0.18,-0.18,-0.72,,,,,,,,,,,,,,,,,,,,
1156,Greg Stiemsma,-0.18,0.05,-0.31,-0.64,,,,,,,,,,,,,,,,,,,
1157,Jared Cunningham,-0.18,-0.91,,,,,,,,,,,,,,,,,,,,,
1158,Jaden Springer,-0.18,-0.91,,,,,,,,,,,,,,,,,,,,,
1159,Daniel Ewing,-0.18,-0.25,-0.66,,,,,,,,,,,,,,,,,,,,
1160,Skal Labissiere,-0.18,0.11,-0.14,-0.89,,,,,,,,,,,,,,,,,,,
1161,Jawad Williams,-0.18,0.11,-1.03,,,,,,,,,,,,,,,,,,,,
1162,Linton Johnson,-0.18,0.00,-0.92,,,,,,,,,,,,,,,,,,,,
1163,Chris Chiozza,-0.18,0.12,-0.41,-0.63,,,,,,,,,,,,,,,,,,,
1164,Damion James,-0.19,-0.93,,,,,,,,,,,,,,,,,,,,,
1165,Gordan Giricek,-0.19,0.35,0.18,-1.46,,,,,,,,,,,,,,,,,,,
1166,Kendrick Perkins,-0.19,0.04,-0.04,-0.14,-0.34,-0.46,-0.67,-0.70,-0.74,-1.08,-1.12,-1.36,,,,,,,,,,,
1167,Santi Aldama,-0.19,0.49,-0.60,-0.83,,,,,,,,,,,,,,,,,,,
1168,Malachi Flynn,-0.19,0.18,0.00,-0.53,-0.57,,,,,,,,,,,,,,,,,,
1169,Michael Ruffin,-0.19,-0.42,-0.51,,,,,,,,,,,,,,,,,,,,
1170,Myke Henry,-0.19,-0.94,,,,,,,,,,,,,,,,,,,,,
1171,Kenny Thomas,-0.19,-0.06,-0.88,,,,,,,,,,,,,,,,,,,,
1172,Michael Sweetney,-0.19,-0.38,-0.57,,,,,,,,,,,,,,,,,,,,
1173,Jermareo Davidson,-0.19,-0.95,,,,,,,,,,,,,,,,,,,,,
1174,Ky Bowman,-0.19,-0.95,,,,,,,,,,,,,,,,,,,,,
1175,Andrew Harrison,-0.19,-0.08,-0.88,,,,,,,,,,,,,,,,,,,,
1176,Ryan Bowen,-0.19,-0.06,-0.90,,,,,,,,,,,,,,,,,,,,
1177,David Duke Jr.,-0.19,0.05,-1.01,,,,,,,,,,,,,,,,,,,,
1178,Joshua Primo,-0.19,-0.96,,,,,,,,,,,,,,,,,,,,,
1179,Jermaine Taylor,-0.19,-0.46,-0.50,,,,,,,,,,,,,,,,,,,,
1180,Bobby Brown,-0.19,-0.42,-0.54,,,,,,,,,,,,,,,,,,,,
1181,Pape Sow,-0.19,-0.97,,,,,,,,,,,,,,,,,,,,,
1182,Paolo Banchero,-0.20,0.06,-1.05,,,,,,,,,,,,,,,,,,,,
1183,Semaj Christon,-0.20,-0.99,,,,,,,,,,,,,,,,,,,,,
1184,Brian Scalabrine,-0.20,0.31,-0.08,-0.36,-0.42,-0.44,,,,,,,,,,,,,,,,,
1185,Dzanan Musa,-0.20,-0.99,,,,,,,,,,,,,,,,,,,,,
1186,Lorenzo Brown,-0.20,0.51,-0.35,-1.15,,,,,,,,,,,,,,,,,,,
1187,Haywood Highsmith,-0.20,-0.13,-0.86,,,,,,,,,,,,,,,,,,,,
1188,Al Thornton,-0.20,0.17,-0.24,-0.43,-0.49,,,,,,,,,,,,,,,,,,
1189,Chris Duarte,-0.20,-0.09,-0.15,-0.76,,,,,,,,,,,,,,,,,,,
1190,Joey Dorsey,-0.20,-0.41,-0.59,,,,,,,,,,,,,,,,,,,,
1191,Sam Young,-0.21,0.12,-0.12,-0.29,-0.73,,,,,,,,,,,,,,,,,,
1192,Jabari Smith Jr.,-0.21,0.27,-1.31,,,,,,,,,,,,,,,,,,,,
1193,Thon Maker,-0.21,0.19,-0.37,-0.38,-0.49,,,,,,,,,,,,,,,,,,
1194,Clifford Robinson,-0.21,-0.43,-0.61,,,,,,,,,,,,,,,,,,,,
1195,Corliss Williamson,-0.21,-0.30,-0.75,,,,,,,,,,,,,,,,,,,,
1196,Devean George,-0.21,0.91,-0.39,-0.47,-0.53,-0.57,,,,,,,,,,,,,,,,,
1197,James Wiseman,-0.21,0.40,-0.29,-1.16,,,,,,,,,,,,,,,,,,,
1198,Joel Freeland,-0.21,-0.03,-0.37,-0.65,,,,,,,,,,,,,,,,,,,
1199,Chris Kaman,-0.21,0.07,-0.02,-0.12,-0.17,-0.83,-0.86,-1.11,-1.24,-1.37,-1.38,,,,,,,,,,,,
1200,Frank Mason,-0.21,-0.40,-0.67,,,,,,,,,,,,,,,,,,,,
1201,David Harrison,-0.22,-0.52,-0.56,,,,,,,,,,,,,,,,,,,,
1202,Eugene Omoruyi,-0.22,-0.23,-0.84,,,,,,,,,,,,,,,,,,,,
1203,Maalik Wayns,-0.22,-1.09,,,,,,,,,,,,,,,,,,,,,
1204,Wes Iwundu,-0.22,0.35,-0.15,-0.36,-0.93,,,,,,,,,,,,,,,,,,
1205,Speedy Claxton,-0.22,0.38,-1.47,,,,,,,,,,,,,,,,,,,,
1206,Deonte Burton,-0.22,-1.09,,,,,,,,,,,,,,,,,,,,,
1207,Kelan Martin,-0.22,-0.03,-0.38,-0.70,,,,,,,,,,,,,,,,,,,
1208,Marcelo Huertas,-0.22,0.01,-1.12,,,,,,,,,,,,,,,,,,,,
1209,Kyrylo Fesenko,-0.22,-0.32,-0.79,,,,,,,,,,,,,,,,,,,,
1210,Keifer Sykes,-0.23,-1.13,,,,,,,,,,,,,,,,,,,,,
1211,KJ McDaniels,-0.23,-0.17,-0.96,,,,,,,,,,,,,,,,,,,,
1212,Marko Jaric,-0.23,0.27,-0.10,-0.58,-0.73,,,,,,,,,,,,,,,,,,
1213,Cleanthony Early,-0.23,-1.14,,,,,,,,,,,,,,,,,,,,,
1214,Rodney Purvis,-0.23,-1.14,,,,,,,,,,,,,,,,,,,,,
1215,Marcus Williams,-0.23,0.02,-0.40,-0.77,,,,,,,,,,,,,,,,,,,
1216,Jacob Evans,-0.23,-1.16,,,,,,,,,,,,,,,,,,,,,
1217,Darrell Arthur,-0.23,0.45,0.03,-0.25,-0.68,-0.70,-0.95,-1.01,-1.38,,,,,,,,,,,,,,
1218,Theo Pinson,-0.23,0.34,-1.50,,,,,,,,,,,,,,,,,,,,
1219,Kira Lewis Jr.,-0.23,0.37,-0.53,-1.00,,,,,,,,,,,,,,,,,,,
1220,Trenton Hassell,-0.23,0.12,0.07,-0.09,-0.27,-0.99,,,,,,,,,,,,,,,,,
1221,Rafael Araujo,-0.23,-1.17,,,,,,,,,,,,,,,,,,,,,
1222,Denzel Valentine,-0.23,0.01,0.00,-0.44,-0.73,,,,,,,,,,,,,,,,,,
1223,Nazr Mohammed,-0.23,-0.14,-0.14,-0.17,-0.32,-0.40,-0.45,-0.61,-0.78,-1.09,,,,,,,,,,,,,
1224,Khem Birch,-0.23,0.43,-0.11,-0.40,-0.48,-0.61,,,,,,,,,,,,,,,,,
1225,Devin Brown,-0.24,0.76,-0.10,-0.30,-0.73,-0.83,,,,,,,,,,,,,,,,,
1226,Tyrone Wallace,-0.24,-0.40,-0.79,,,,,,,,,,,,,,,,,,,,
1227,Andrew Nicholson,-0.24,0.38,0.12,-0.37,-0.40,-0.92,,,,,,,,,,,,,,,,,
1228,Justin Robinson,-0.24,-1.20,,,,,,,,,,,,,,,,,,,,,
1229,Xavier Munford,-0.24,-1.20,,,,,,,,,,,,,,,,,,,,,
1230,Jim Jackson,-0.24,-1.20,,,,,,,,,,,,,,,,,,,,,
1231,Nick Calathes,-0.24,-0.21,-0.99,,,,,,,,,,,,,,,,,,,,
1232,Mo Bamba,-0.24,0.17,0.11,-0.46,-0.49,-0.53,-0.56,,,,,,,,,,,,,,,,
1233,Keljin Blevins,-0.24,-1.22,,,,,,,,,,,,,,,,,,,,,
1234,Lorenzen Wright,-0.24,-0.57,-0.65,,,,,,,,,,,,,,,,,,,,
1235,Jabari Walker,-0.25,-0.57,-0.66,,,,,,,,,,,,,,,,,,,,
1236,Kevin Seraphin,-0.25,0.14,0.02,-0.23,-0.30,-0.86,-1.11,-1.38,,,,,,,,,,,,,,,
1237,Joffrey Lauvergne,-0.25,0.49,-0.42,-0.49,-0.83,,,,,,,,,,,,,,,,,,
1238,Isaiah Whitehead,-0.25,0.12,-1.37,,,,,,,,,,,,,,,,,,,,
1239,Jason Hart,-0.25,0.01,-0.56,-0.70,,,,,,,,,,,,,,,,,,,
1240,Malaki Branham,-0.25,-0.63,-0.63,,,,,,,,,,,,,,,,,,,,
1241,Theo Ratliff,-0.25,-0.04,-0.60,-0.62,,,,,,,,,,,,,,,,,,,
1242,Josh Okogie,-0.25,0.05,-0.23,-0.30,-0.30,-0.48,-0.73,,,,,,,,,,,,,,,,
1243,Junior Harrington,-0.26,-1.28,,,,,,,,,,,,,,,,,,,,,
1244,Jake LaRavia,-0.26,-0.24,-1.04,,,,,,,,,,,,,,,,,,,,
1245,Hamed Haddadi,-0.26,-1.29,,,,,,,,,,,,,,,,,,,,,
1246,Victor Wembanyama,-0.26,-1.29,,,,,,,,,,,,,,,,,,,,,
1247,Jason Maxiell,-0.26,0.24,0.00,-0.46,-0.50,-0.59,-0.71,-0.80,-0.84,-0.94,,,,,,,,,,,,,
1248,PJ Hairston,-0.26,-0.63,-0.67,,,,,,,,,,,,,,,,,,,,
1249,Jeremy Tyler,-0.26,-0.31,-1.00,,,,,,,,,,,,,,,,,,,,
1250,Jawun Evans,-0.26,-1.31,,,,,,,,,,,,,,,,,,,,,
1251,Jake Voskuhl,-0.26,-0.56,-0.75,,,,,,,,,,,,,,,,,,,,
1252,Darius Miles,-0.26,-0.06,-1.25,,,,,,,,,,,,,,,,,,,,
1253,Antonio Blakeney,-0.26,-0.56,-0.75,,,,,,,,,,,,,,,,,,,,
1254,Jordan Goodwin,-0.26,0.09,-1.41,,,,,,,,,,,,,,,,,,,,
1255,Darius Songaila,-0.27,0.17,0.17,-0.54,-0.56,-0.58,,,,,,,,,,,,,,,,,
1256,Donatas Motiejunas,-0.27,0.58,-0.06,-0.28,-0.43,-1.15,,,,,,,,,,,,,,,,,
1257,Jeff McInnis,-0.27,-0.27,-0.54,-0.54,,,,,,,,,,,,,,,,,,,
1258,Jalen McDaniels,-0.27,0.62,-0.22,-0.38,-1.36,,,,,,,,,,,,,,,,,,
1259,Wade Baldwin IV,-0.27,-1.35,,,,,,,,,,,,,,,,,,,,,
1260,Mark Blount,-0.27,-0.31,-0.48,-0.56,,,,,,,,,,,,,,,,,,,
1261,Juwan Howard,-0.28,-0.05,-0.15,-0.28,-0.33,-0.57,,,,,,,,,,,,,,,,,
1262,JT Thor,-0.28,-0.63,-0.75,,,,,,,,,,,,,,,,,,,,
1263,Eddie Griffin,-0.28,-1.39,,,,,,,,,,,,,,,,,,,,,
1264,Antonio McDyess,-0.28,0.13,-0.02,-0.13,-0.63,-0.75,-0.90,,,,,,,,,,,,,,,,
1265,Jonathan Isaac,-0.28,0.35,-0.07,-0.36,-1.32,,,,,,,,,,,,,,,,,,
1266,Michael Olowokandi,-0.28,-1.42,,,,,,,,,,,,,,,,,,,,,
1267,Markelle Fultz,-0.29,0.70,0.14,-0.05,-1.01,-1.22,-1.32,-1.66,,,,,,,,,,,,,,,
1268,Oleksiy Pecherov,-0.29,-0.57,-0.87,,,,,,,,,,,,,,,,,,,,
1269,Kareem Rush,-0.29,-0.33,-1.11,,,,,,,,,,,,,,,,,,,,
1270,Rashad Vaughn,-0.29,-0.55,-0.91,,,,,,,,,,,,,,,,,,,,
1271,Brandon Davies,-0.29,-0.70,-0.76,,,,,,,,,,,,,,,,,,,,
1272,Cory Higgins,-0.30,-1.48,,,,,,,,,,,,,,,,,,,,,
1273,Elie Okobo,-0.30,-0.12,-1.36,,,,,,,,,,,,,,,,,,,,
1274,P.J. Brown,-0.30,-0.19,-1.29,,,,,,,,,,,,,,,,,,,,
1275,Tari Eason,-0.30,-0.49,-1.00,,,,,,,,,,,,,,,,,,,,
1276,Cole Anthony,-0.30,0.92,0.20,-0.59,-2.02,,,,,,,,,,,,,,,,,,
1277,Chris Singleton,-0.30,-0.40,-1.10,,,,,,,,,,,,,,,,,,,,
1278,Solomon Jones,-0.30,0.18,-0.06,-0.55,-1.08,,,,,,,,,,,,,,,,,,
1279,TyTy Washington Jr.,-0.30,-1.51,,,,,,,,,,,,,,,,,,,,,
1280,Treveon Graham,-0.30,0.17,-0.81,-0.86,,,,,,,,,,,,,,,,,,,
1281,Jeffery Taylor,-0.30,0.29,-0.31,-1.50,,,,,,,,,,,,,,,,,,,
1282,Paul Zipser,-0.31,-0.54,-0.99,,,,,,,,,,,,,,,,,,,,
1283,Marquis Teague,-0.31,-0.34,-1.20,,,,,,,,,,,,,,,,,,,,
1284,Isaiah Stewart,-0.31,-0.08,-0.18,-0.63,-0.66,,,,,,,,,,,,,,,,,,
1285,Lamar Stevens,-0.32,-0.10,-0.40,-0.47,-0.61,,,,,,,,,,,,,,,,,,
1286,Duane Washington Jr.,-0.32,0.09,-1.66,,,,,,,,,,,,,,,,,,,,
1287,Cody Martin,-0.32,1.10,-0.43,-0.46,-1.79,,,,,,,,,,,,,,,,,,
1288,Austin Daye,-0.32,0.62,0.12,0.10,-0.80,-1.62,,,,,,,,,,,,,,,,,
1289,Nickeil Alexander-Walker,-0.32,0.96,0.17,-0.29,-0.98,-1.46,,,,,,,,,,,,,,,,,
1290,Anthony Randolph,-0.32,0.03,-0.25,-0.32,-0.41,-0.65,-0.71,,,,,,,,,,,,,,,,
1291,Ricky Ledo,-0.32,-1.60,,,,,,,,,,,,,,,,,,,,,
1292,Josh Boone,-0.32,-0.01,-0.49,-0.51,-0.59,,,,,,,,,,,,,,,,,,
1293,Samardo Samuels,-0.32,-0.51,-1.09,,,,,,,,,,,,,,,,,,,,
1294,Tyshawn Taylor,-0.32,-0.60,-1.01,,,,,,,,,,,,,,,,,,,,
1295,Alexis Ajinca,-0.33,0.30,0.01,-0.55,-0.62,-0.77,,,,,,,,,,,,,,,,,
1296,Justin Reed,-0.33,-0.80,-0.85,,,,,,,,,,,,,,,,,,,,
1297,Talen Horton-Tucker,-0.33,-0.18,-0.44,-0.47,-0.55,,,,,,,,,,,,,,,,,,
1298,Earl Barron,-0.33,-1.66,,,,,,,,,,,,,,,,,,,,,
1299,Xavier Tillman,-0.33,0.38,0.26,-0.53,-1.78,,,,,,,,,,,,,,,,,,
1300,P.J. Washington,-0.34,0.83,-0.32,-0.41,-0.73,-1.04,,,,,,,,,,,,,,,,,
1301,Trent Forrest,-0.34,0.09,0.00,-0.84,-0.94,,,,,,,,,,,,,,,,,,
1302,Shelden Williams,-0.34,0.19,-0.25,-0.28,-0.65,-0.72,-0.73,,,,,,,,,,,,,,,,
1303,Joe Smith,-0.34,0.01,-0.30,-0.35,-0.48,-0.59,,,,,,,,,,,,,,,,,
1304,Dominic McGuire,-0.35,0.21,-0.58,-0.61,-0.74,,,,,,,,,,,,,,,,,,
1305,Shaedon Sharpe,-0.35,0.03,-1.76,,,,,,,,,,,,,,,,,,,,
1306,Juan Dixon,-0.35,0.40,-0.38,-0.41,-1.36,,,,,,,,,,,,,,,,,,
1307,Joel Anthony,-0.35,-0.17,-0.20,-0.62,-0.76,,,,,,,,,,,,,,,,,,
1308,Ashton Hagans,-0.35,-1.77,,,,,,,,,,,,,,,,,,,,,
1309,Donald Sloan,-0.35,0.72,-0.43,-0.61,-0.61,-0.84,,,,,,,,,,,,,,,,,
1310,Lavoy Allen,-0.35,0.07,-0.30,-0.43,-0.56,-0.56,-0.63,,,,,,,,,,,,,,,,
1311,Chris Webber,-0.35,-0.28,-1.49,,,,,,,,,,,,,,,,,,,,
1312,D.J. Wilson,-0.36,-0.48,-0.57,-0.73,,,,,,,,,,,,,,,,,,,
1313,Xavier Henry,-0.36,0.10,-0.52,-0.58,-0.79,,,,,,,,,,,,,,,,,,
1314,Jarell Martin,-0.36,-0.06,-0.12,-0.80,-0.83,,,,,,,,,,,,,,,,,,
1315,Donte Greene,-0.36,0.04,-0.13,-0.54,-1.19,,,,,,,,,,,,,,,,,,
1316,Tyler Ennis,-0.36,-0.01,-0.17,-0.30,-1.35,,,,,,,,,,,,,,,,,,
1317,Bruno Fernando,-0.37,-0.47,-0.54,-0.83,,,,,,,,,,,,,,,,,,,
1318,Chuma Okeke,-0.37,-0.34,-0.37,-0.41,-0.72,,,,,,,,,,,,,,,,,,
1319,Hamidou Diallo,-0.37,0.12,-0.08,-0.43,-0.44,-1.02,,,,,,,,,,,,,,,,,
1320,Isaiah Roby,-0.37,0.43,-0.85,-1.44,,,,,,,,,,,,,,,,,,,
1321,Brandon Goodwin,-0.38,-0.08,-0.66,-1.14,,,,,,,,,,,,,,,,,,,
1322,Kevin Porter Jr.,-0.38,0.38,0.13,-0.64,-1.77,,,,,,,,,,,,,,,,,,
1323,DeAndre' Bembry,-0.38,0.34,-0.03,-0.44,-0.56,-1.22,-1.69,,,,,,,,,,,,,,,,
1324,JaKarr Sampson,-0.38,0.17,-0.66,-0.68,-0.75,,,,,,,,,,,,,,,,,,
1325,Adam Morrison,-0.38,-0.78,-1.14,,,,,,,,,,,,,,,,,,,,
1326,Noah Vonleh,-0.39,0.01,-0.01,-0.57,-0.65,-0.71,,,,,,,,,,,,,,,,,
1327,Quinton Ross,-0.39,0.09,-0.32,-0.52,-0.56,-0.64,,,,,,,,,,,,,,,,,
1328,Dwayne Bacon,-0.39,0.71,-0.54,-0.66,-1.49,,,,,,,,,,,,,,,,,,
1329,Ziaire Williams,-0.40,0.36,-0.96,-1.39,,,,,,,,,,,,,,,,,,,
1330,Kwame Brown,-0.40,0.10,-0.18,-0.27,-0.64,-1.01,-1.05,,,,,,,,,,,,,,,,
1331,Antoine Walker,-0.40,0.51,-1.21,-1.30,,,,,,,,,,,,,,,,,,,
1332,Byron Mullens,-0.40,-0.05,-0.89,-1.07,,,,,,,,,,,,,,,,,,,
1333,Francisco Elson,-0.41,0.00,-0.17,-0.19,-0.48,-1.20,,,,,,,,,,,,,,,,,
1334,David Roddy,-0.41,-0.54,-1.50,,,,,,,,,,,,,,,,,,,,
1335,Stromile Swift,-0.41,-0.39,-0.70,-0.97,,,,,,,,,,,,,,,,,,,
1336,Dalano Banton,-0.42,-0.55,-0.72,-0.82,,,,,,,,,,,,,,,,,,,
1337,Ray McCallum,-0.42,-0.62,-0.67,-0.81,,,,,,,,,,,,,,,,,,,
1338,DeSagana Diop,-0.42,-0.35,-0.38,-0.42,-0.95,,,,,,,,,,,,,,,,,,
1339,Melvin Ely,-0.42,0.24,-0.52,-0.90,-0.93,,,,,,,,,,,,,,,,,,
1340,Jaden Ivey,-0.42,-0.72,-1.39,,,,,,,,,,,,,,,,,,,,
1341,Brian Skinner,-0.43,-0.36,-0.41,-0.50,-0.86,,,,,,,,,,,,,,,,,,
1342,Johnny Davis,-0.43,-1.01,-1.12,,,,,,,,,,,,,,,,,,,,
1343,Dillon Brooks,-0.43,-0.23,-0.29,-0.46,-0.58,-0.58,-0.80,-1.40,,,,,,,,,,,,,,,
1344,Jeremy Pargo,-0.44,-0.39,-1.80,,,,,,,,,,,,,,,,,,,,
1345,Saben Lee,-0.45,-0.23,-0.63,-1.39,,,,,,,,,,,,,,,,,,,
1346,Chandler Hutchison,-0.45,-0.29,-0.74,-1.21,,,,,,,,,,,,,,,,,,,
1347,Glen Davis,-0.45,-0.25,-0.26,-0.52,-0.60,-0.62,-0.64,-0.90,-1.04,,,,,,,,,,,,,,
1348,Joel Przybilla,-0.45,0.17,-0.21,-0.64,-0.71,-0.88,,,,,,,,,,,,,,,,,
1349,Rondae Hollis-Jefferson,-0.46,0.33,-0.09,-0.18,-0.75,-1.60,,,,,,,,,,,,,,,,,
1350,Miles Plumlee,-0.47,0.12,-0.26,-0.63,-0.76,-0.82,,,,,,,,,,,,,,,,,
1351,Malik Allen,-0.47,-0.24,-0.27,-0.54,-0.65,-0.67,,,,,,,,,,,,,,,,,
1352,Luguentz Dort,-0.48,1.04,-0.28,-0.43,-0.94,-1.76,,,,,,,,,,,,,,,,,
1353,Jerome Robinson,-0.48,-0.13,-0.40,-1.86,,,,,,,,,,,,,,,,,,,
1354,Darius Morris,-0.48,-0.45,-0.93,-1.02,,,,,,,,,,,,,,,,,,,
1355,R.J. Hampton,-0.48,-0.29,-0.51,-1.60,,,,,,,,,,,,,,,,,,,
1356,Anthony Bennett,-0.48,-0.28,-0.66,-1.47,,,,,,,,,,,,,,,,,,,
1357,Tre Mann,-0.49,-0.30,-0.74,-1.43,,,,,,,,,,,,,,,,,,,
1358,Johan Petro,-0.50,-0.12,-0.42,-0.63,-0.64,-0.66,-0.75,-0.99,-1.48,,,,,,,,,,,,,,
1359,Josh Hall,-0.50,-2.49,,,,,,,,,,,,,,,,,,,,,
1360,Sean May,-0.50,0.40,-0.53,-1.07,-1.29,,,,,,,,,,,,,,,,,,
1361,Omer Asik,-0.50,-0.30,-0.33,-0.57,-0.59,-0.72,-0.72,,,,,,,,,,,,,,,,
1362,Keon Johnson,-0.50,-0.91,-1.60,,,,,,,,,,,,,,,,,,,,
1363,Josh Giddey,-0.50,0.40,-0.39,-2.53,,,,,,,,,,,,,,,,,,,
1364,Jalen Suggs,-0.51,0.59,-0.24,-2.90,,,,,,,,,,,,,,,,,,,
1365,James Bouknight,-0.51,-0.92,-1.63,,,,,,,,,,,,,,,,,,,,
1366,Scoot Henderson,-0.51,-2.56,,,,,,,,,,,,,,,,,,,,,
1367,Sekou Doumbouya,-0.51,-1.28,-1.29,,,,,,,,,,,,,,,,,,,,
1368,Adreian Payne,-0.52,-0.96,-1.64,,,,,,,,,,,,,,,,,,,,
1369,Dragan Bender,-0.53,-0.45,-0.58,-0.71,-0.92,,,,,,,,,,,,,,,,,,
1370,Jamaal Magloire,-0.54,-0.50,-0.76,-1.45,,,,,,,,,,,,,,,,,,,
1371,Jared Jeffries,-0.55,-0.32,-0.43,-0.48,-0.64,-0.87,-1.12,-1.21,,,,,,,,,,,,,,,
1372,Bonzi Wells,-0.56,-0.57,-0.81,-1.44,,,,,,,,,,,,,,,,,,,
1373,Mario Hezonja,-0.57,0.20,-0.25,-0.35,-1.16,-1.31,,,,,,,,,,,,,,,,,
1374,Daishen Nix,-0.59,-0.97,-1.96,,,,,,,,,,,,,,,,,,,,
1375,Terrence Williams,-0.60,0.13,-0.06,-0.91,-2.15,,,,,,,,,,,,,,,,,,
1376,Hilton Armstrong,-0.60,0.03,-0.19,-0.66,-0.93,-1.25,,,,,,,,,,,,,,,,,
1377,Darko Milicic,-0.61,-0.09,-0.19,-0.67,-0.85,-1.24,-1.44,-1.63,,,,,,,,,,,,,,,
1378,Earl Clark,-0.61,0.32,-0.73,-0.80,-0.88,-0.96,,,,,,,,,,,,,,,,,
1379,Brandon Williams,-0.61,-3.06,,,,,,,,,,,,,,,,,,,,,
1380,Jeremy Sochan,-0.61,-1.39,-1.67,,,,,,,,,,,,,,,,,,,,
1381,Jason Collins,-0.62,-0.34,-0.65,-0.97,-1.14,,,,,,,,,,,,,,,,,,
1382,Michael Carter-Williams,-0.62,-0.19,-0.43,-0.63,-0.88,-0.97,-1.28,-2.17,-2.31,,,,,,,,,,,,,,
1383,Mardy Collins,-0.62,-0.61,-0.65,-0.81,-1.03,,,,,,,,,,,,,,,,,,
1384,Blake Wesley,-0.64,-0.25,-2.93,,,,,,,,,,,,,,,,,,,,
1385,Johnny O'Bryant III,-0.64,-0.76,-0.77,-1.66,,,,,,,,,,,,,,,,,,,
1386,Dennis Smith Jr.,-0.64,-0.05,-0.51,-0.67,-0.76,-1.23,-1.54,-1.74,,,,,,,,,,,,,,,
1387,Zach Collins,-0.65,-0.33,-0.36,-0.43,-1.05,-1.08,,,,,,,,,,,,,,,,,
1388,Cam Reddish,-0.66,-0.09,-0.18,-0.35,-1.24,-1.46,,,,,,,,,,,,,,,,,
1389,Reggie Evans,-0.67,-0.48,-0.59,-0.73,-0.76,-0.79,-0.94,-1.04,-1.43,-1.51,,,,,,,,,,,,,
1390,Precious Achiuwa,-0.68,-0.61,-0.70,-0.91,-1.19,,,,,,,,,,,,,,,,,,
1391,Justise Winslow,-0.69,-0.11,-0.54,-0.60,-0.68,-1.50,-1.71,-3.16,-3.27,,,,,,,,,,,,,,
1392,Dan Gadzuric,-0.69,-0.07,-0.47,-0.86,-0.96,-1.09,,,,,,,,,,,,,,,,,
1393,Ben Wallace,-0.70,-0.58,-0.67,-0.70,-0.76,-0.77,-1.12,-1.87,,,,,,,,,,,,,,,
1394,Josh Powell,-0.70,-0.38,-0.69,-0.75,-0.81,-0.88,,,,,,,,,,,,,,,,,
1395,Malik Rose,-0.74,-0.67,-0.95,-0.98,-1.10,,,,,,,,,,,,,,,,,,
1396,Lou Amundson,-0.75,-0.02,-0.40,-0.90,-0.92,-1.50,,,,,,,,,,,,,,,,,
1397,Larry Sanders,-0.76,-0.13,-0.72,-0.72,-1.01,-1.22,,,,,,,,,,,,,,,,,
1398,RJ Barrett,-0.76,0.66,-0.17,-0.91,-1.07,-2.32,,,,,,,,,,,,,,,,,
1399,Jarrett Culver,-0.78,-0.88,-1.38,-1.63,,,,,,,,,,,,,,,,,,,
1400,Thomas Robinson,-0.78,-0.44,-0.55,-0.72,-1.04,-1.15,,,,,,,,,,,,,,,,,
1401,Frank Ntilikina,-0.79,-0.23,-0.25,-0.48,-1.41,-1.56,,,,,,,,,,,,,,,,,
1402,Marquese Chriss,-0.81,-0.05,-0.51,-0.75,-1.23,-1.50,,,,,,,,,,,,,,,,,
1403,Tyrus Thomas,-0.82,-0.56,-0.79,-0.91,-0.92,-0.93,-1.27,-1.46,,,,,,,,,,,,,,,
1404,Emmanuel Mudiay,-0.83,-0.13,-0.42,-0.97,-1.10,-1.55,,,,,,,,,,,,,,,,,
1405,Darius Bazley,-0.92,-0.61,-0.68,-1.03,-2.29,,,,,,,,,,,,,,,,,,
1406,Theo Maledon,-0.93,0.11,-0.49,-1.67,-2.62,,,,,,,,,,,,,,,,,,
1407,Yi Jianlian,-1.01,-1.06,-1.20,-1.29,-1.52,,,,,,,,,,,,,,,,,,
1408,Josh Jackson,-1.02,0.02,-0.77,-1.19,-1.52,-1.65,,,,,,,,,,,,,,,,,
1409,Cade Cunningham,-1.07,-0.34,-2.00,-3.04,,,,,,,,,,,,,,,,,,,
1410,Tony Wroten,-1.08,-0.49,-0.84,-0.88,-3.17,,,,,,,,,,,,,,,,,,
1411,Aleksej Pokusevski,-1.09,-1.00,-1.39,-3.04,,,,,,,,,,,,,,,,,,,
1412,Desmond Mason,-1.11,-0.65,-1.59,-1.60,-1.69,,,,,,,,,,,,,,,,,,
1413,Killian Hayes,-1.80,-1.00,-1.56,-2.08,-4.34,,,,,,,,,,,,,,,,,,
